No,Name,Year,G_B,PA,AB,R_B,H_B,2B_B,3B_B,HR_B,TB,RBI,SB,CS,BB_B,HBP_B,IBB_B,SO_B,GDP,SAC,SF,AVG,OBP,SLG,OPS,wOBA,wRC+,WAR_B,WPA_B,G_P,CG,ShO,GS,W_P,L_P,SV,HLD(HD),IP,R_P,ER,TBF,H_P,2B_P,3B_P,HR_P,BB_P,IBB_P,HBP_P,SO_P,BK,WP,ERA,FIP,WHIP,ERA+,FIP+,WAR_P,WPA_P,Rank,G,W_T,L_T,D,P
1,MBC,1982,952,3061,2686,419,757,124,12,65,1100,381,134,60,268,47,20,316,56,32,27,0.282,0.354,0.41,0.764,0.346,109.5,19.33,,186,19,8,79,46,33,15,0,708,350,276,2994,660,,,52,259,10,47,392,10,27,3.51,3.52,1.3,113,112.6,16.09,,3,80,46,34,0,0.575
2,삼성,1982,887,3043,2647,429,705,126,18,57,1038,374,147,42,307,30,2,349,50,36,18,0.266,0.347,0.392,0.739,0.338,104.3,18.61,,152,23,8,79,53,26,17,0,704.1,257,211,2830,617,,,57,187,6,30,305,3,10,2.7,3.5,1.14,147.1,113.2,21.11,,2,80,54,26,0,0.675
3,OB,1982,930,3098,2745,399,778,137,23,57,1132,362,106,61,247,41,22,254,35,46,18,0.283,0.349,0.412,0.762,0.343,107.6,17.97,,156,32,4,80,56,24,10,0,725.1,318,258,3020,625,,,41,289,4,33,317,6,14,3.2,3.6,1.26,121.6,108.3,18.28,,1,80,56,24,0,0.7
4,해태,1982,873,2990,2665,374,696,110,14,84,1086,332,155,52,235,41,12,296,59,28,21,0.261,0.328,0.408,0.736,0.332,100.6,15.32,,154,24,2,80,38,42,3,0,708,388,298,3067,698,,,50,295,5,39,348,8,17,3.79,3.75,1.4,101.7,102.8,11.88,,4,80,38,42,0,0.475
5,롯데,1982,863,3062,2628,353,674,112,8,59,979,325,83,53,326,40,8,315,61,41,27,0.256,0.344,0.373,0.717,0.329,98.7,12.47,,169,26,4,80,33,48,3,0,713.2,385,313,3080,763,,,69,261,29,29,362,11,14,3.95,3.76,1.44,100.6,105.7,13.66,,5,80,31,49,0,0.388
6,삼미,1982,867,2954,2653,302,637,117,20,40,914,272,74,43,221,29,3,369,44,33,17,0.24,0.304,0.345,0.648,0.298,79,6.11,,200,7,0,80,15,65,5,0,701.2,574,479,3217,883,,,93,313,11,50,175,7,22,6.14,5.15,1.71,65.5,78.2,-0.16,,6,80,15,65,0,0.188
1,삼성,1983,1249,3847,3383,448,889,143,14,90,1330,421,70,42,314,55,9,427,62,66,27,0.263,0.333,0.393,0.726,0.332,110.3,23.31,,201,34,7,100,46,50,12,0,899.1,418,342,3785,833,,,65,335,15,58,399,3,17,3.42,3.37,1.3,97.8,99.3,15.08,,4,100,46,50,4,0.479
2,해태,1983,1124,3734,3340,423,892,130,15,78,1286,388,131,91,294,40,16,382,75,37,23,0.267,0.332,0.385,0.717,0.33,109.3,20.47,,212,27,10,100,55,44,14,0,852.2,390,311,3707,803,,,56,286,6,45,456,2,13,3.28,2.99,1.28,99.1,109,16.63,,1,100,55,44,1,0.556
3,MBC,1983,1149,3715,3273,405,837,145,21,45,1159,367,128,67,281,60,8,368,58,70,30,0.256,0.323,0.354,0.677,0.312,96.2,17.73,,190,31,6,100,55,43,17,0,909,335,275,3725,787,,,45,298,11,44,366,9,18,2.72,2.99,1.19,113.6,103.5,19.56,,2,100,55,43,2,0.561
4,OB,1983,1156,3766,3330,418,863,142,26,50,1207,378,60,45,279,50,11,352,63,89,18,0.259,0.324,0.362,0.687,0.314,97.8,17.17,,198,27,8,100,44,55,18,0,892.1,432,351,3789,897,,,81,315,10,62,329,8,17,3.54,3.73,1.36,92.5,87.7,10.6,,5,100,44,55,1,0.444
5,롯데,1983,1238,3740,3308,370,807,133,18,78,1210,342,76,61,308,39,2,423,71,58,24,0.244,0.314,0.366,0.68,0.313,97,16.34,,229,29,4,100,43,56,7,0,897.2,464,378,3827,935,,,90,260,12,47,414,6,17,3.79,3.42,1.33,87.1,96.4,11.95,,6,100,43,56,1,0.434
6,삼미,1983,1046,3738,3317,345,814,113,14,62,1141,315,35,41,282,47,16,404,76,73,18,0.245,0.312,0.344,0.656,0.302,89.4,14.26,,160,56,6,100,52,47,8,0,908.2,372,309,3663,882,,,77,260,12,36,386,6,12,3.06,3.25,1.26,109.5,103.2,19.82,,3,100,52,47,1,0.525
1,삼성,1984,1262,3756,3298,435,889,147,18,78,1306,413,75,61,313,63,18,422,62,62,18,0.27,0.343,0.396,0.739,0.339,113.9,24.07,,210,30,6,99,55,45,13,0,886.2,379,330,3740,806,,,48,380,23,44,476,4,22,3.35,3.13,1.34,99.5,106.5,17.6,,2,100,55,45,0,0.55
2,롯데,1984,1208,3729,3267,405,840,139,20,71,1232,374,108,65,326,48,17,446,58,56,28,0.257,0.331,0.377,0.708,0.326,104.6,19.45,,232,26,1,100,50,48,11,0,880.2,390,324,3723,865,,,75,300,8,40,454,2,12,3.31,3.35,1.32,98.3,97.2,15.02,,1,100,50,48,2,0.51
3,OB,1984,1310,3660,3181,382,816,133,18,53,1144,362,111,62,339,43,17,367,66,62,34,0.257,0.333,0.36,0.693,0.32,100.3,17.82,,229,14,2,100,58,41,31,0,885.1,298,249,3601,720,,,51,331,12,44,445,2,22,2.53,3.12,1.19,132.7,107.8,22.16,,3,100,58,41,1,0.586
4,해태,1984,1081,3728,3321,369,822,143,10,76,1213,343,87,52,313,33,8,496,87,39,21,0.248,0.317,0.365,0.682,0.317,98.1,16.06,,224,27,6,100,43,54,12,0,896.1,398,316,3749,833,,,67,279,20,40,459,0,19,3.17,3.09,1.24,103.9,106.7,16.52,,5,100,43,54,3,0.443
5,MBC,1984,1227,3754,3317,375,840,127,35,47,1178,341,99,68,314,40,14,446,62,47,35,0.253,0.322,0.355,0.677,0.314,95.6,15.5,,173,39,6,100,51,48,10,0,896.1,374,318,3741,876,,,59,275,8,43,355,2,15,3.19,3.24,1.28,96.8,95.3,13.39,,4,100,51,48,1,0.515
6,삼미,1984,1103,3773,3319,334,788,134,14,58,1124,301,42,29,332,34,11,473,73,75,12,0.237,0.312,0.339,0.651,0.302,87.5,13.18,,210,24,2,100,38,59,18,0,899.1,461,405,3845,895,,,83,372,14,50,461,6,14,4.05,3.68,1.41,82.8,91.3,10.42,,6,100,38,59,3,0.392
1,삼성,1985,1513,4250,3644,552,1005,181,22,97,1521,514,116,85,408,61,15,465,74,93,42,0.276,0.355,0.417,0.772,0.351,117.9,29.97,,226,27,5,110,77,32,41,0,1001.1,379,331,4121,871,,,62,368,18,34,496,5,22,2.98,3.18,1.24,119.4,111.6,25.23,,1,110,77,32,1,0.706
2,해태,1985,1317,4186,3709,483,1009,160,13,99,1492,437,130,77,348,33,5,386,85,60,32,0.272,0.337,0.402,0.74,0.34,110.3,24.8,,281,11,2,110,57,52,20,0,926,465,400,4146,979,,,83,296,19,51,450,2,16,3.89,3.47,1.38,89.8,100.5,15.76,,3,110,57,52,1,0.523
4,OB,1985,1575,4189,3667,473,954,146,27,67,1355,432,107,76,354,50,19,442,54,87,31,0.26,0.331,0.37,0.701,0.322,97.4,19.23,,249,25,3,110,51,57,13,0,992.1,416,348,4112,882,,,64,386,5,40,433,3,20,3.16,3.46,1.28,113,103.2,19.76,,4,110,51,57,2,0.472
5,롯데,1985,1334,4138,3598,426,920,168,19,77,1357,399,79,58,352,47,11,445,78,106,34,0.256,0.327,0.377,0.704,0.321,97,18.04,,236,32,11,110,59,51,15,0,992.1,420,336,4131,936,,,60,324,6,44,513,3,21,3.05,3.06,1.27,111.9,111.3,21.83,,2,110,59,51,0,0.536
6,MBC,1985,1324,4069,3624,345,892,127,19,37,1168,317,129,73,324,39,16,452,65,54,27,0.246,0.313,0.322,0.635,0.297,79.1,9.16,,231,28,4,110,44,65,13,0,982,408,354,4124,902,,,63,385,12,44,353,5,26,3.24,3.61,1.31,102.9,92.6,15.86,,5,110,44,65,1,0.404
1,삼성,1986,1527,4119,3617,475,997,177,22,74,1440,442,110,67,354,48,13,465,76,68,31,0.276,0.345,0.398,0.744,0.346,123.2,30.54,,209,34,7,108,70,37,33,0,966,369,317,4012,848,,,62,385,20,29,387,4,20,2.95,3.33,1.28,104.7,92.8,16.33,,2,108,70,37,1,0.654
2,해태,1986,1271,4044,3582,474,929,136,18,99,1398,443,120,78,321,39,16,406,82,76,23,0.259,0.325,0.39,0.715,0.332,113,24.28,,257,28,11,108,67,37,23,0,982.2,372,312,4058,857,,,41,334,12,34,531,6,10,2.86,2.62,1.21,106.8,116.3,24.65,,1,108,67,37,4,0.644
3,MBC,1986,1384,4138,3644,434,964,152,29,37,1285,398,116,59,315,55,15,428,65,89,35,0.265,0.33,0.353,0.682,0.318,103,21.34,,267,11,3,108,59,41,30,0,984,361,304,4038,880,,,45,341,17,32,415,5,17,2.78,2.91,1.24,106.7,101.8,19.94,,3,108,59,41,8,0.59
4,빙그레,1986,1409,4004,3453,333,815,122,23,46,1121,313,79,85,420,30,3,494,81,84,17,0.236,0.323,0.325,0.647,0.307,94.7,14.92,,217,42,8,108,31,76,3,0,951.1,467,388,3993,932,,,90,284,5,47,407,5,15,3.67,3.48,1.28,85.5,90.2,10.55,,7,108,31,76,1,0.29
5,OB,1986,1378,4044,3531,369,880,114,31,38,1170,350,78,69,336,39,13,394,71,104,29,0.249,0.319,0.331,0.65,0.303,91.8,14.86,,238,29,12,108,56,48,19,0,975.2,341,283,4003,820,,,43,390,7,29,394,4,20,2.61,3.11,1.24,113.8,95.6,18.64,,4,108,56,48,4,0.538
6,롯데,1986,1435,4089,3603,373,894,140,28,37,1201,332,89,51,342,24,16,357,81,100,19,0.248,0.316,0.333,0.649,0.303,91.6,14.79,,234,33,6,108,50,52,11,0,983.2,360,299,4097,896,,,48,325,10,49,520,2,19,2.74,2.76,1.24,108.7,107.7,21.74,,5,108,50,52,6,0.49
7,청보,1986,1491,3926,3449,318,755,138,10,66,1111,322,47,52,327,42,10,518,86,86,22,0.219,0.293,0.322,0.615,0.289,81.9,8.87,,259,23,6,108,32,74,10,0,962.1,506,427,4193,1001,,,68,356,15,57,408,5,17,3.99,3.39,1.41,78.9,93,9.38,,6,108,32,74,2,0.302
1,삼성,1987,1321,4218,3731,583,1120,164,29,105,1657,548,101,51,380,40,15,448,88,26,40,0.3,0.368,0.444,0.812,0.378,135.1,37.97,,233,26,8,108,64,44,30,0,959,427,381,4078,926,,,62,416,19,45,360,5,16,3.58,3.94,1.4,99.8,90.6,14.54,,2,108,64,44,0,0.593
2,롯데,1987,1327,4155,3625,432,970,161,27,40,1305,400,99,50,390,34,20,330,102,86,20,0.268,0.343,0.36,0.703,0.329,100.6,20.38,,197,51,12,108,54,49,9,0,975.2,404,364,4097,971,,,40,331,10,34,504,1,19,3.36,3.06,1.33,105.2,115.5,21.66,,3,108,54,49,5,0.523
3,빙그레,1987,1353,4054,3547,410,972,144,22,48,1304,370,79,85,326,53,11,423,84,104,23,0.274,0.342,0.368,0.71,0.33,101.6,18.87,,195,51,6,108,47,57,7,0,955.1,454,401,4020,970,,,75,281,7,37,364,9,11,3.78,3.7,1.31,96.9,98.9,16.29,,6,108,47,57,4,0.454
4,해태,1987,1284,4085,3609,393,910,151,12,71,1298,368,90,44,335,44,19,379,96,68,26,0.252,0.321,0.36,0.681,0.318,93,15.61,,241,26,8,108,55,48,14,0,982,401,345,4050,864,,,52,372,11,32,494,3,12,3.16,3.35,1.26,110.3,104.1,21.88,,1,108,55,48,5,0.532
5,OB,1987,1406,4010,3548,415,927,123,34,30,1208,391,72,49,342,24,7,369,88,70,25,0.261,0.328,0.34,0.669,0.316,91,15.05,,216,38,8,108,55,52,22,0,960.2,405,348,4064,906,,,38,407,6,32,382,5,20,3.26,3.54,1.37,105.4,97.2,16.79,,4,108,55,52,1,0.514
6,청보,1987,1496,4026,3499,401,848,152,14,54,1190,372,127,80,400,27,7,502,79,82,17,0.242,0.323,0.34,0.664,0.313,89.5,14.32,,226,42,5,108,41,65,9,0,956,524,463,4140,1063,,,69,327,28,36,328,3,20,4.36,3.77,1.45,82.4,95.2,10.48,,7,108,41,65,2,0.389
7,MBC,1987,1384,4019,3566,388,919,117,38,36,1220,359,91,54,296,43,14,353,80,85,28,0.258,0.32,0.342,0.662,0.31,86.6,12.78,,233,20,4,108,50,51,26,0,971.2,407,363,4118,966,,,48,335,14,50,372,3,11,3.36,3.49,1.34,102.5,98.7,18.31,,5,108,50,51,7,0.495
1,해태,1988,1313,4060,3561,503,1009,134,14,112,1507,466,136,58,343,44,11,374,95,77,33,0.283,0.351,0.423,0.774,0.351,116.5,27.85,,228,26,7,108,68,38,23,0,968,364,308,3981,849,,,58,297,7,37,501,3,13,2.86,3.34,1.18,133.7,114.8,27.99,,1,108,68,38,2,0.639
2,삼성,1988,1402,4192,3692,516,1028,148,21,85,1473,486,110,62,381,42,13,493,74,53,24,0.278,0.351,0.399,0.75,0.345,112.4,26.25,,260,22,9,108,56,50,21,0,968.2,492,449,4151,953,,,80,403,21,40,341,5,23,4.17,4.26,1.4,92.4,90.6,13.52,,4,108,56,50,2,0.528
3,빙그레,1988,1423,4103,3616,506,961,177,21,73,1399,465,83,51,332,52,7,464,78,70,32,0.266,0.334,0.387,0.721,0.33,102.1,21.05,,237,27,8,108,62,45,28,0,972.2,441,402,4091,1015,,,72,298,18,39,394,5,12,3.72,3.72,1.35,105.5,105.7,20.6,,2,108,62,45,1,0.579
4,롯데,1988,1366,4095,3578,482,967,142,18,68,1349,446,127,64,347,40,16,333,81,104,24,0.27,0.339,0.377,0.717,0.327,99.7,19.71,,233,30,7,108,57,49,18,0,966.1,443,385,4086,961,,,55,329,8,29,476,8,17,3.59,3.42,1.34,106.8,112,20.85,,3,108,57,49,2,0.537
5,태평양,1988,1360,3961,3481,387,908,156,21,58,1280,360,82,63,339,23,21,402,88,95,24,0.261,0.328,0.368,0.696,0.317,93.3,15.45,,249,20,3,108,34,73,11,0,945,544,484,4053,1020,,,79,305,11,38,387,5,18,4.61,3.9,1.4,83.1,98.2,11.25,,7,108,34,73,1,0.319
6,MBC,1988,1298,4101,3652,408,951,132,27,42,1263,373,118,61,321,34,16,384,72,70,23,0.26,0.324,0.346,0.67,0.31,88,14.69,,216,36,4,108,40,64,14,0,961.1,491,422,4188,1038,,,69,373,15,46,347,6,9,3.95,4.05,1.47,94.9,92.6,12.45,,6,108,40,64,4,0.389
7,OB,1988,1448,4043,3583,418,923,145,25,44,1250,387,87,39,321,28,13,374,91,78,31,0.258,0.321,0.349,0.67,0.308,87,14.27,,259,17,5,108,54,52,19,0,969.1,447,402,4105,933,,,69,381,13,35,388,4,16,3.73,3.95,1.36,100.8,95.2,17.24,,5,108,54,52,2,0.509
1,빙그레,1989,1727,4633,4064,595,1121,208,26,97,1672,549,122,60,412,48,23,544,74,64,45,0.276,0.346,0.411,0.757,0.352,116.2,32.4,,293,26,6,120,71,46,26,0,1076,464,419,4502,994,,,90,430,28,41,535,6,13,3.5,3.93,1.32,109.6,97.7,21.65,,2,120,71,46,3,0.604
2,삼성,1989,1554,4571,4024,580,1095,174,20,96,1597,540,160,76,397,45,11,616,78,56,47,0.272,0.341,0.397,0.737,0.345,111.8,28.76,,315,20,4,120,57,58,27,0,1068,588,524,4688,1094,,,84,516,22,44,469,11,19,4.42,4.26,1.51,86.1,89.3,12.03,,4,120,57,58,5,0.496
3,해태,1989,1492,4564,3963,500,1011,142,9,90,1441,472,111,74,470,48,26,508,111,57,26,0.255,0.339,0.364,0.703,0.333,103.4,22.88,,237,30,12,120,65,51,20,0,1078.2,442,400,4479,928,,,63,400,11,37,694,6,17,3.34,3.26,1.23,109.8,112.5,26.85,,1,120,65,51,4,0.558
4,태평양,1989,1700,4469,3817,477,943,178,25,48,1315,428,167,80,482,39,25,545,74,98,33,0.247,0.335,0.345,0.679,0.32,94.5,19.89,,286,34,6,120,62,54,19,0,1091.2,440,368,4511,952,,,49,440,27,40,589,6,25,3.03,3.35,1.28,121.4,109.9,25.25,,3,120,62,54,4,0.533
5,MBC,1989,1569,4550,3912,490,985,139,36,42,1322,458,172,94,470,40,14,489,89,85,42,0.252,0.335,0.338,0.673,0.319,93.9,18.76,,332,8,0,120,49,67,30,0,1069.2,581,509,4693,1133,,,61,455,11,46,451,5,24,4.28,3.87,1.49,85,93.9,12.61,,6,120,49,67,4,0.425
6,롯데,1989,1650,4612,3939,419,974,155,23,38,1289,383,100,74,519,29,19,520,89,98,27,0.247,0.337,0.327,0.664,0.316,92.1,15.39,,259,37,5,120,48,67,11,0,1076,522,467,4569,1072,,,68,390,28,50,508,5,19,3.91,3.63,1.36,96.9,104.3,19.22,,7,120,48,67,5,0.421
7,OB,1989,1608,4482,3935,447,970,165,28,42,1317,416,135,73,389,42,16,559,65,82,32,0.247,0.319,0.335,0.653,0.309,86.7,14.67,,331,18,7,120,54,63,20,0,1072.1,481,441,4551,969,,,60,527,15,32,543,8,32,3.7,3.84,1.4,98.9,95.4,17.45,,5,120,54,63,3,0.463
1,빙그레,1990,1655,4625,3971,610,1074,174,24,112,1632,560,138,66,495,47,18,617,83,70,42,0.27,0.355,0.411,0.766,0.355,115.7,32.77,,305,6,1,120,68,50,40,0,1061.1,481,402,4476,971,,,96,420,26,37,555,4,18,3.41,3.92,1.31,115.2,100.3,22.43,,4,120,68,50,2,0.575
2,삼성,1990,1453,4551,3961,593,1040,170,13,131,1629,555,108,54,434,52,12,532,91,68,31,0.263,0.341,0.411,0.752,0.348,110.9,27.23,,298,20,3,120,66,52,36,0,1070.1,558,491,4630,1053,,,102,512,15,53,475,7,26,4.13,4.46,1.46,95.7,88.6,14.33,,2,120,66,52,2,0.558
3,해태,1990,1396,4595,3952,538,1066,177,23,87,1550,501,101,66,466,53,28,544,100,95,29,0.27,0.352,0.392,0.744,0.345,109.2,27.23,,269,34,14,120,68,49,14,0,1067.1,458,399,4435,902,,,75,412,12,50,701,5,22,3.36,3.43,1.23,113.3,111,26.29,,3,120,68,49,3,0.579
4,LG,1990,1607,4661,4024,578,1089,156,40,61,1508,528,140,101,465,65,24,450,82,56,50,0.271,0.352,0.375,0.726,0.341,106.7,26.24,,306,19,5,120,71,49,33,0,1083,457,407,4550,981,,,49,410,28,61,548,2,12,3.38,3.37,1.28,111,111.3,26.03,,1,120,71,49,0,0.592
5,태평양,1990,1632,4494,3898,485,961,176,25,47,1328,444,133,84,443,43,16,534,93,84,24,0.247,0.328,0.341,0.669,0.315,88.8,16.85,,313,25,7,121,58,60,27,0,1100,524,453,4932,1066,,,59,473,17,32,530,7,36,3.71,3.63,1.4,101.7,103.7,20.67,,5,120,58,59,3,0.496
6,롯데,1990,1523,4522,3858,453,946,163,30,41,1292,417,125,64,464,48,12,501,91,119,31,0.245,0.331,0.335,0.666,0.313,87.5,15.11,,346,19,6,119,44,69,21,0,1045,572,514,4505,1035,,,82,435,15,54,481,3,26,4.43,4.03,1.41,87.9,96.6,15.06,,6,120,44,71,5,0.388
7,OB,1990,1574,4471,3902,404,901,153,22,62,1284,380,83,66,425,38,17,562,77,66,40,0.231,0.31,0.329,0.639,0.301,79.2,8.39,,314,18,6,120,35,80,10,0,1055.2,616,554,4651,1075,,,78,535,14,58,468,5,33,4.72,4.29,1.53,79.5,87.5,8.99,,7,120,35,80,5,0.313
1,빙그레,1991,1723,4870,4221,644,1155,181,43,136,1830,607,121,63,485,51,22,704,92,84,29,0.274,0.353,0.434,0.787,0.356,118.7,35.1,,281,30,5,126,72,49,26,0,1102.2,493,411,4754,1014,,,75,420,25,73,601,8,17,3.35,3.76,1.3,118.3,105.6,23.5,,2,126,72,49,5,0.591
2,해태,1991,1450,4843,4135,618,1069,171,29,144,1730,594,152,77,516,83,12,588,102,74,35,0.259,0.35,0.418,0.768,0.351,114.9,31.76,,276,34,10,126,79,42,28,0,1130.2,409,363,4546,925,,,73,324,11,53,776,6,21,2.89,3.13,1.11,137.4,127,34.99,,1,126,79,42,5,0.647
3,삼성,1991,1706,4875,4182,639,1138,180,25,108,1692,593,126,82,510,59,28,546,106,85,37,0.272,0.357,0.405,0.761,0.348,112.5,29.69,,347,14,4,126,70,55,38,0,1128.2,579,531,4860,1131,,,108,484,22,40,527,6,32,4.23,4.33,1.43,95.9,93.7,18.28,,3,126,70,55,1,0.56
4,쌍방울,1991,1552,4734,4114,554,1041,198,30,87,1560,505,130,87,475,66,12,726,93,46,33,0.253,0.338,0.379,0.717,0.333,102.4,24.67,,350,13,3,126,52,71,31,0,1099.2,638,573,4838,1101,,,116,556,26,64,551,12,35,4.69,4.68,1.51,87.5,87.7,14.41,,6,126,52,71,3,0.425
5,롯데,1991,1750,4821,4128,583,1072,177,46,73,1560,533,97,57,457,61,30,515,78,122,47,0.26,0.339,0.378,0.717,0.325,97.5,21.59,,268,39,5,122,61,59,13,0,1085.1,527,472,4589,1019,,,67,431,10,51,612,7,26,3.91,3.67,1.34,104,110.9,22.95,,4,126,61,62,3,0.496
6,OB,1991,1649,4791,4220,501,1054,169,39,59,1478,458,136,78,418,40,23,648,84,91,22,0.25,0.322,0.35,0.672,0.31,86.7,14.99,,311,28,6,126,51,73,12,0,1119.2,603,538,4850,1093,,,82,510,24,56,489,10,30,4.32,4.22,1.43,89.4,91.6,13.88,,8,126,51,73,2,0.413
7,태평양,1991,1598,4680,4102,426,976,208,25,51,1387,395,143,73,423,43,25,598,80,85,27,0.238,0.314,0.338,0.652,0.301,81,12.58,,317,33,6,130,55,72,20,0,1157.1,590,532,4965,1106,,,100,517,33,43,626,6,39,4.14,4.1,1.4,94.6,95.6,18.81,,5,126,55,69,2,0.444
8,LG,1991,1701,4680,4131,472,1009,158,41,53,1408,430,110,99,400,52,18,475,118,67,29,0.244,0.317,0.341,0.658,0.306,83.6,11.64,,287,27,3,126,53,72,24,0,1114.2,607,543,4889,1125,,,90,446,23,70,622,7,26,4.38,3.95,1.41,87.9,97.6,15.95,,6,126,53,72,1,0.425
1,해태,1992,1525,4903,4183,701,1139,191,16,138,1776,658,134,57,559,70,14,656,114,54,37,0.272,0.365,0.425,0.789,0.359,114.5,32.47,,291,25,7,126,71,54,28,0,1105.1,571,517,4767,1101,,,118,405,13,69,678,2,30,4.21,4.19,1.36,102.7,103.1,22.23,,3,126,71,54,1,0.567
2,롯데,1992,1616,4904,4205,663,1213,211,62,68,1752,619,130,55,483,59,14,542,90,103,53,0.288,0.366,0.417,0.782,0.352,110,30.33,,277,39,6,126,71,55,17,0,1113.2,581,529,4778,1152,,,99,410,12,37,581,1,42,4.28,4.06,1.4,103,108.4,23.36,,1,126,71,55,0,0.563
3,빙그레,1992,1662,4865,4197,658,1120,191,29,146,1807,620,104,59,511,58,29,660,96,54,45,0.267,0.351,0.431,0.782,0.351,109.5,29.36,,270,26,7,126,81,43,35,0,1120,520,458,4747,1024,,,108,415,19,53,653,0,38,3.68,4.07,1.29,117.6,106.4,25.64,,2,126,81,43,2,0.651
4,삼성,1992,1719,4921,4250,633,1128,169,23,124,1715,585,127,61,494,73,21,620,95,58,44,0.265,0.349,0.404,0.752,0.342,103.2,26.53,,329,23,6,126,67,57,25,0,1125.2,636,569,4984,1085,,,102,636,9,52,640,3,50,4.55,4.63,1.53,96.4,94.7,17.53,,4,126,67,57,2,0.54
5,OB,1992,1673,4833,4225,547,1096,172,31,110,1660,511,96,58,439,37,19,645,98,96,32,0.259,0.332,0.393,0.725,0.326,92.4,18.03,,309,30,4,126,56,66,21,0,1127,582,528,4878,1105,,,96,493,17,61,595,1,50,4.22,4.26,1.42,98.5,97.5,19.25,,5,126,56,66,4,0.46
6,쌍방울,1992,1604,4766,4081,508,1015,167,29,90,1510,459,89,53,528,54,24,748,138,77,21,0.249,0.341,0.37,0.711,0.325,92.3,17.73,,350,14,4,126,41,84,17,0,1091.2,686,588,4828,1106,,,140,516,21,65,600,1,44,4.85,4.89,1.49,90.1,89.4,12.11,,8,126,41,84,1,0.329
7,LG,1992,1592,4841,4261,572,1094,172,24,108,1638,539,89,55,439,46,21,570,111,64,31,0.257,0.331,0.384,0.715,0.325,91.7,17.37,,357,21,5,126,53,70,20,0,1130.2,616,539,4967,1170,,,83,487,35,65,648,2,25,4.29,3.96,1.47,97.2,105.3,19.83,,7,126,53,70,3,0.433
8,태평양,1992,1587,4745,4143,518,1061,204,25,87,1576,464,72,49,406,48,11,620,94,117,21,0.256,0.328,0.38,0.709,0.319,87.9,16.47,,276,26,2,126,56,67,25,0,1111,609,553,4848,1128,,,125,509,27,45,653,2,29,4.48,4.49,1.47,96.4,96.2,18.44,,6,126,56,67,3,0.456
1,삼성,1993,1667,4999,4369,613,1169,169,22,133,1781,592,102,73,465,66,13,662,105,53,38,0.268,0.344,0.408,0.752,0.349,127,38.88,,298,28,11,126,73,48,31,0,1137,433,373,4728,991,,,72,457,13,50,683,6,27,2.95,3.39,1.27,112.8,98.2,21.55,,2,126,73,48,5,0.599
2,해태,1993,1496,4711,4102,513,1030,169,12,95,1508,465,161,73,452,48,6,606,107,71,31,0.251,0.33,0.368,0.698,0.326,110.3,30,,322,16,6,126,81,42,43,0,1129.1,420,367,4630,935,,,76,372,8,75,802,2,21,2.92,3.09,1.16,113.5,107.6,28.04,,1,126,81,42,3,0.655
3,LG,1993,1645,4730,4182,496,1069,176,32,74,1531,463,117,62,376,55,17,594,95,91,26,0.256,0.323,0.366,0.689,0.32,106,25.55,,349,19,6,126,66,57,36,0,1126.2,440,384,4696,1020,,,71,385,23,64,655,3,20,3.07,3.26,1.25,103,97,19.69,,4,126,66,57,3,0.536
4,OB,1993,1672,4740,4131,473,1066,176,34,59,1487,442,86,49,403,48,16,611,104,118,39,0.258,0.328,0.36,0.688,0.318,104.5,23.87,,296,26,9,126,66,55,27,0,1128,405,362,4618,949,,,39,386,14,49,684,3,30,2.89,2.82,1.18,108.5,111,26.21,,3,126,66,55,5,0.544
5,빙그레,1993,1671,4715,4119,454,982,180,13,81,1431,427,96,50,433,54,16,743,94,73,35,0.238,0.317,0.347,0.664,0.311,99.2,21.34,,258,33,5,126,61,61,25,0,1127.2,491,434,4720,1035,,,84,370,7,49,669,2,31,3.46,3.34,1.25,95.9,99.4,18.37,,5,126,61,61,4,0.5
6,롯데,1993,1604,4675,4077,452,1013,160,38,29,1336,422,174,79,389,53,10,563,75,114,41,0.248,0.319,0.328,0.647,0.301,92.5,19.11,,265,44,14,126,62,63,17,0,1120.2,462,415,4669,1088,,,57,348,11,30,512,2,28,3.33,3.2,1.28,100.8,105.1,21.36,,6,126,62,63,1,0.496
7,태평양,1993,1435,4532,4025,342,913,169,15,35,1217,314,80,50,343,39,17,776,100,104,21,0.227,0.293,0.302,0.595,0.278,75.3,10.57,,249,36,2,126,34,82,15,0,1134.2,516,451,4801,1095,,,65,412,21,39,635,2,21,3.58,3.23,1.33,91,100.9,16.72,,8,126,34,82,10,0.31
8,쌍방울,1993,1541,4546,4005,366,903,138,14,46,1207,342,117,80,392,53,12,733,88,74,21,0.225,0.302,0.301,0.603,0.286,81,10.15,,280,24,4,126,43,78,30,0,1106,551,491,4787,1032,,,88,528,12,62,654,3,22,4,3.88,1.41,81.9,84.3,10.67,,7,126,43,78,5,0.361
1,LG,1994,1541,4886,4265,655,1204,205,36,88,1745,612,143,61,455,70,18,573,83,54,41,0.282,0.358,0.409,0.767,0.352,123.6,38.57,,360,24,9,126,81,45,46,0,1120,452,391,4605,1007,,,68,332,19,60,581,3,23,3.14,3.56,1.2,116,102.3,23.62,,1,126,81,45,0,0.643
2,삼성,1994,1678,4801,4161,541,1081,165,22,106,1608,510,120,67,458,64,21,650,95,79,39,0.26,0.34,0.386,0.726,0.332,108.9,27.19,,299,26,6,126,60,64,24,0,1117,499,431,4702,1021,,,85,413,10,52,657,2,44,3.47,3.85,1.28,110.7,100,21.41,,5,126,60,64,2,0.484
3,해태,1994,1460,4757,4254,563,1153,183,17,93,1649,534,164,59,332,44,20,583,75,87,37,0.271,0.328,0.388,0.715,0.325,104,26.55,,284,28,6,126,65,59,24,0,1119.1,509,448,4702,999,,,92,406,20,73,737,6,23,3.6,3.79,1.26,106.5,101.2,21.88,,4,126,65,59,2,0.524
4,롯데,1994,1498,4710,4175,489,1072,180,33,58,1492,457,175,88,378,52,19,672,80,57,48,0.257,0.323,0.357,0.68,0.313,96.3,20.55,,333,14,3,126,56,67,35,0,1112.1,604,549,4791,1156,,,101,419,25,44,590,4,35,4.44,4.11,1.42,86.8,93.8,15.33,,6,126,56,67,3,0.456
5,태평양,1994,1560,4636,4047,485,988,179,18,91,1476,453,66,64,385,53,16,750,86,126,25,0.244,0.316,0.365,0.681,0.309,93.1,18.49,,314,17,3,126,68,55,47,0,1121,471,436,4746,1110,,,59,359,12,44,645,3,40,3.5,3.39,1.31,109.7,113.3,28.42,,2,126,68,55,3,0.552
6,쌍방울,1994,1718,4690,4142,494,1027,160,20,87,1488,455,151,68,378,45,19,622,86,100,23,0.248,0.316,0.359,0.675,0.308,92.5,17.92,,306,13,3,126,47,74,30,0,1115.2,634,587,4890,1169,,,110,473,19,74,634,1,33,4.74,4.38,1.47,79.1,85.6,9.73,,8,126,47,74,5,0.393
7,한화,1994,1673,4691,4063,482,1002,166,15,68,1402,444,94,66,416,63,19,696,97,113,36,0.247,0.324,0.345,0.669,0.307,91.5,16.46,,270,22,5,126,65,59,29,0,1123.2,510,440,4716,1036,,,95,361,27,40,745,3,34,3.52,3.58,1.24,107.6,105.8,23.44,,3,126,65,59,2,0.524
8,OB,1994,1610,4656,4113,477,1013,159,18,75,1433,459,81,54,364,53,15,712,76,93,33,0.246,0.313,0.348,0.662,0.304,89,15.99,,326,28,9,126,53,72,18,0,1107.2,507,426,4676,1042,,,56,404,16,58,670,2,39,3.46,3.47,1.31,105.2,105,21.24,,7,126,53,72,1,0.425
1,OB,1995,1580,4853,4342,629,1154,203,28,106,1731,585,121,57,357,52,16,741,99,62,40,0.266,0.326,0.399,0.725,0.327,110.5,29.74,,320,22,8,126,74,47,35,0,1148.1,500,437,4800,1031,,,68,399,24,56,701,3,30,3.42,3.49,1.25,103.9,102.1,21.67,,1,126,74,47,5,0.607
2,롯데,1995,1606,4830,4197,590,1071,158,51,65,1526,552,220,73,447,71,22,726,74,56,59,0.255,0.333,0.364,0.696,0.318,103.4,27.29,,340,19,5,126,68,53,28,0,1137.1,493,439,4658,1049,,,83,328,13,53,642,2,32,3.47,3.6,1.21,109.2,105.3,23.9,,2,126,68,53,5,0.56
3,LG,1995,1627,4752,4137,527,1064,170,34,79,1539,472,121,50,421,76,20,621,90,73,45,0.257,0.334,0.372,0.706,0.321,105.7,26.04,,349,22,5,126,74,48,40,0,1122.1,456,400,4637,996,,,62,322,17,58,607,6,28,3.21,3.42,1.17,111,104.2,23.69,,3,126,74,48,4,0.603
4,삼성,1995,1808,4752,4188,558,1047,199,20,94,1568,516,100,44,384,92,21,723,77,55,32,0.25,0.324,0.374,0.699,0.318,103.7,23.08,,334,18,5,126,60,60,28,0,1116,555,483,4807,1018,,,78,450,5,90,672,7,33,3.9,3.95,1.32,97.1,95.7,17.63,,5,126,60,60,6,0.5
5,한화,1995,1727,4755,4161,510,1037,205,25,96,1580,477,97,65,403,63,22,747,80,100,28,0.249,0.323,0.38,0.703,0.316,102.3,22.98,,274,36,8,126,55,71,24,0,1119,566,502,4812,1091,,,102,411,18,55,793,2,40,4.04,3.78,1.34,91.6,97.9,16.96,,6,126,55,71,0,0.437
6,쌍방울,1995,1575,4708,4154,476,1054,165,21,83,1510,438,131,70,381,37,25,600,75,103,33,0.254,0.32,0.364,0.683,0.308,96.5,20.57,,322,21,5,126,45,78,21,0,1109,636,575,4860,1134,,,124,476,29,80,622,3,23,4.67,4.57,1.45,80,81.7,8.31,,8,126,45,78,3,0.369
7,해태,1995,1528,4638,4095,431,989,154,22,75,1412,397,130,43,341,77,20,675,94,86,35,0.242,0.309,0.345,0.654,0.297,89.2,16.45,,316,15,4,126,64,58,40,0,1127.2,434,384,4620,953,,,79,354,19,75,872,3,44,3.06,3.27,1.16,123,115.5,31.38,,4,126,64,58,4,0.524
8,태평양,1995,1578,4657,4119,467,965,170,20,82,1421,436,93,48,389,46,15,754,90,67,35,0.234,0.305,0.345,0.65,0.297,88.7,16.06,,318,21,5,126,48,73,24,0,1112,548,484,4754,1109,,,84,383,36,47,690,3,47,3.92,3.61,1.34,94.7,102.7,19.24,,7,126,48,73,5,0.401
1,롯데,1996,1607,4812,4244,566,1161,214,38,72,1667,543,139,61,398,50,23,692,94,82,38,0.274,0.34,0.393,0.733,0.333,110.8,29.94,,372,22,2,126,57,63,17,0,1120.2,580,518,4786,1127,,,93,397,30,55,684,1,38,4.16,3.78,1.36,90.6,99.8,16.87,,5,126,57,63,6,0.476
2,해태,1996,1565,4803,4168,515,1022,191,18,92,1525,510,170,54,463,72,31,701,83,71,29,0.245,0.329,0.366,0.695,0.319,101,26.12,,358,22,8,126,73,51,25,0,1133.2,441,396,4618,945,,,98,373,18,66,805,2,28,3.14,3.61,1.16,119,103.7,26.57,,1,126,73,51,2,0.587
3,쌍방울,1996,1569,4805,4111,545,1085,192,33,58,1517,489,85,59,427,70,34,690,89,143,47,0.264,0.34,0.369,0.709,0.319,101.2,23.97,,408,15,9,126,70,54,36,0,1125.1,460,416,4761,1030,,,64,420,28,93,744,5,26,3.33,3.5,1.29,110.7,105.3,24.03,,3,126,70,54,2,0.563
4,삼성,1996,1725,4732,4136,510,1029,191,23,88,1530,478,135,78,423,76,19,807,77,56,37,0.249,0.327,0.37,0.697,0.32,102.1,23.56,,358,11,2,126,54,67,29,0,1121.1,585,529,4921,1093,,,90,528,28,102,657,1,43,4.25,4.27,1.45,88.9,88.5,14.2,,6,126,54,67,5,0.448
5,LG,1996,1639,4856,4203,506,1036,164,18,98,1530,499,95,57,441,94,31,612,84,92,26,0.246,0.33,0.364,0.694,0.317,100.1,22.28,,419,7,1,126,50,71,29,0,1128.2,593,516,4864,1112,,,88,420,27,89,653,7,19,4.11,3.93,1.36,86.9,91.1,12.95,,7,126,50,71,5,0.417
6,한화,1996,1747,4747,4081,522,1000,203,23,90,1519,499,95,72,432,80,17,836,92,123,30,0.245,0.327,0.372,0.699,0.317,99.9,21.99,,330,21,7,126,70,55,31,0,1132.2,532,477,4742,1025,,,98,351,22,56,949,0,43,3.79,3.26,1.22,96.2,112,24.31,,4,126,70,55,1,0.56
7,현대,1996,1717,4729,4127,493,1001,171,21,106,1532,462,112,90,396,72,35,747,66,104,30,0.243,0.318,0.371,0.689,0.311,96,20.09,,399,7,3,126,67,54,36,0,1140.2,454,385,4707,974,,,76,378,30,54,749,4,39,3.04,3.4,1.19,120.8,108,25.8,,2,126,67,54,5,0.552
8,OB,1996,1444,4653,4163,446,1008,178,23,82,1478,410,78,53,327,59,26,721,98,75,29,0.242,0.305,0.355,0.66,0.301,88.1,14.21,,407,14,5,126,47,73,23,0,1115.2,516,455,4739,1036,,,79,440,37,58,663,3,49,3.67,3.76,1.32,96.7,94.4,16.77,,8,126,47,73,6,0.397
1,삼성,1997,1511,4976,4305,722,1194,254,24,165,1991,669,137,80,456,90,43,804,67,88,32,0.277,0.356,0.462,0.819,0.359,124,38.92,,386,9,2,126,66,53,38,0,1131,605,532,4911,1107,,,97,491,36,95,678,2,54,4.23,4.25,1.41,97.9,97.5,17.72,,4,126,66,53,7,0.552
2,해태,1997,1562,4825,4183,616,1081,208,9,133,1706,578,148,62,466,67,48,722,102,78,30,0.258,0.34,0.408,0.748,0.333,106.3,27.63,,374,11,4,126,75,50,38,0,1129,510,458,4713,986,,,108,390,34,89,794,5,35,3.65,3.89,1.22,111.6,104.7,24.75,,1,126,75,50,1,0.599
3,쌍방울,1997,1729,4781,4057,602,1090,201,30,110,1681,565,81,60,490,51,37,693,99,139,44,0.269,0.351,0.414,0.766,0.337,109.1,27.61,,488,6,1,126,71,53,42,0,1109.2,518,471,4716,1075,,,93,378,20,87,689,3,34,3.82,3.92,1.31,105.1,102.3,22.81,,3,126,71,53,2,0.571
4,LG,1997,1472,4821,4153,590,1109,220,29,83,1636,549,137,53,422,90,24,601,82,97,57,0.267,0.343,0.394,0.737,0.33,104.2,27.28,,476,4,1,126,73,51,45,0,1121.1,512,471,4713,1045,,,101,369,40,74,708,6,24,3.78,3.86,1.26,102.8,100.7,22.44,,2,126,73,51,2,0.587
5,OB,1997,1634,4767,4215,511,1070,159,21,84,1523,481,143,53,382,69,19,717,96,70,31,0.254,0.324,0.361,0.685,0.311,91.1,19.84,,439,8,2,126,57,64,36,0,1123,551,479,4835,1090,,,67,453,35,67,784,7,66,3.84,3.55,1.37,101.6,110,21.87,,5,126,57,64,5,0.472
6,한화,1997,1682,4690,4077,481,1032,180,18,102,1554,445,98,74,381,71,20,779,88,128,33,0.253,0.325,0.381,0.707,0.314,93.6,18.23,,341,20,7,126,51,73,29,0,1115,554,503,4681,1024,,,129,412,25,50,792,3,41,4.06,4.13,1.29,99.7,97.9,20.2,,7,126,51,73,2,0.413
7,현대,1997,1742,4680,4032,497,994,179,19,82,1457,459,112,78,424,72,33,720,92,122,28,0.247,0.327,0.361,0.688,0.308,89.2,15.53,,422,9,1,126,51,71,37,0,1108.1,582,519,4734,1050,,,123,423,24,57,755,2,38,4.21,4.19,1.33,94.7,95.3,16.58,,6,126,51,71,4,0.421
8,롯데,1997,1623,4599,4066,434,962,176,20,75,1403,411,110,69,359,56,16,801,89,88,29,0.237,0.305,0.345,0.65,0.294,80,9.38,,389,9,0,126,48,77,25,0,1111.1,621,566,4839,1155,,,116,464,26,47,640,2,47,4.58,4.39,1.46,89.4,93.4,14.68,,8,126,48,77,1,0.385
1,현대,1998,1620,4779,4161,633,1123,216,21,142,1807,587,134,85,413,74,16,820,69,91,38,0.27,0.344,0.434,0.778,0.341,113.2,30.89,,384,11,6,126,81,45,33,0,1121,445,377,4684,984,,,98,415,14,33,875,1,37,3.03,3.63,1.25,131.4,109.4,27.63,,1,126,81,45,0,0.643
2,삼성,1998,1542,4918,4263,620,1143,211,20,143,1823,576,117,61,446,80,48,822,103,90,38,0.268,0.346,0.428,0.773,0.338,110.7,28.2,,374,10,0,126,66,58,26,0,1128,584,541,4894,1120,,,133,477,35,69,723,1,42,4.32,4.51,1.42,95.2,91.2,16.21,,3,126,66,58,2,0.532
3,LG,1998,1522,4840,4243,609,1131,229,21,100,1702,567,99,47,417,68,17,699,94,77,35,0.267,0.339,0.401,0.74,0.329,104.9,27.2,,496,3,1,126,63,62,31,0,1121.1,586,521,4808,1132,,,111,350,20,78,688,1,34,4.18,4.05,1.32,92.5,95.6,15.79,,2,126,63,62,1,0.504
4,쌍방울,1998,1531,4773,4170,536,1089,176,31,101,1630,499,93,46,440,33,32,758,94,95,34,0.261,0.334,0.391,0.725,0.32,98.3,22.82,,533,5,1,126,58,66,26,0,1115.1,570,501,4778,1137,,,111,359,21,83,631,4,44,4.04,4.19,1.34,98.3,94.8,17.36,,6,126,58,66,2,0.468
5,롯데,1998,1592,4781,4188,536,1070,200,33,86,1594,500,76,54,403,68,24,829,76,89,32,0.255,0.329,0.381,0.709,0.315,94.9,19.44,,361,20,4,126,50,72,17,0,1114,646,570,4812,1149,,,115,381,27,74,693,2,52,4.61,4.15,1.37,87.9,97.6,15.47,,8,126,50,72,4,0.41
6,OB,1998,1480,4717,4223,520,1080,174,28,102,1616,479,123,50,338,56,17,713,87,65,34,0.256,0.317,0.383,0.7,0.311,91.9,19.4,,399,15,6,126,61,62,28,0,1116.2,506,447,4743,1054,,,88,425,22,55,774,3,59,3.6,3.77,1.32,106.9,102.3,22.15,,4,126,61,62,3,0.496
7,한화,1998,1656,4693,4162,503,1042,201,10,123,1632,472,94,59,339,72,23,784,94,99,21,0.25,0.316,0.392,0.708,0.312,92.9,18.01,,396,8,2,126,55,66,30,0,1118.2,578,529,4783,1105,,,114,405,31,40,840,2,41,4.26,3.83,1.35,96.1,106.9,21.02,,7,126,55,66,5,0.455
8,해태,1998,1490,4678,4129,489,1067,188,8,94,1553,467,58,26,367,57,25,669,125,92,33,0.258,0.325,0.376,0.701,0.311,92.4,16.74,,387,6,3,126,61,64,39,0,1108.1,531,481,4678,1064,,,121,351,32,76,870,0,35,3.91,3.82,1.28,103.5,106,24.06,,5,126,61,64,1,0.488
2,해태,1999,1591,5256,4549,765,1264,206,12,210,2124,723,98,48,555,58,13,871,105,68,26,0.278,0.362,0.467,0.829,0.359,109.4,29.08,,450,3,1,132,60,69,28,0,1168.1,743,676,5198,1267,,,182,462,23,104,782,4,47,5.21,5.35,1.48,97.5,94.8,17.46,,4,132,60,69,3,0.465
3,롯데,1999,1708,5186,4498,753,1309,261,34,145,2073,709,98,68,465,72,16,815,93,99,52,0.291,0.363,0.461,0.824,0.355,106.9,28.06,,405,15,2,132,75,52,34,0,1178,590,547,5002,1125,,,146,431,14,54,852,6,52,4.18,4.64,1.32,120.1,108.3,28.67,,1,132,75,52,5,0.591
5,두산,1999,1655,5229,4587,721,1305,218,31,141,2008,693,136,44,478,49,21,693,126,74,41,0.285,0.355,0.438,0.793,0.346,100.8,26.54,,545,4,1,132,76,51,40,0,1188,657,605,5182,1192,,,133,521,12,72,837,12,61,4.58,4.79,1.44,105.2,100.7,23.49,,2,132,76,51,5,0.598
7,현대,1999,1639,5260,4456,699,1210,187,18,143,1862,652,109,65,537,98,22,780,88,127,42,0.272,0.359,0.418,0.777,0.339,96.2,20.52,,467,10,1,132,68,59,25,0,1181.1,646,587,5188,1268,,,141,473,11,60,910,6,32,4.47,4.61,1.47,110.4,107.1,25.35,,3,132,68,59,5,0.535
1,현대,2000,1633,5240,4478,777,1245,246,25,208,2165,736,104,56,548,94,19,905,87,74,46,0.278,0.365,0.483,0.849,0.369,119.2,38.53,,431,5,2,133,91,40,51,30,1189.2,528,481,5014,1111,,,95,451,10,34,997,4,46,3.64,3.72,1.31,124.2,121.5,33.47,,1,133,91,40,2,0.695
2,두산,2000,1636,5213,4590,694,1325,205,21,150,2022,661,115,29,475,58,10,684,120,43,47,0.289,0.359,0.441,0.8,0.356,110.2,32.18,,526,3,1,133,76,57,52,39,1172.2,616,550,5147,1189,,,104,517,19,56,829,11,62,4.22,4.32,1.46,105.8,103.5,23.62,,2,133,76,57,0,0.571
3,삼성,2000,1574,5212,4546,744,1223,246,15,177,2030,708,81,37,496,80,23,967,97,47,43,0.269,0.348,0.447,0.795,0.35,105.9,27.09,,448,6,2,133,69,59,34,28,1184.1,670,610,5229,1233,,,130,524,6,77,880,9,52,4.64,4.61,1.48,102.3,102.9,23.36,,3,133,69,59,5,0.539
8,해태,2000,1583,5176,4511,588,1137,216,13,86,1637,537,113,53,527,40,16,866,107,64,33,0.252,0.333,0.363,0.696,0.315,83.1,12.64,,449,10,2,133,57,72,26,20,1197.2,728,659,5349,1284,,,177,491,14,96,881,3,52,4.95,5.04,1.48,94.3,92.6,17.37,,4,133,57,72,4,0.442
1,삼성,2001,1650,5280,4553,739,1262,244,21,162,2034,695,73,44,520,95,27,814,111,69,42,0.277,0.36,0.447,0.807,0.36,106.8,27.89,,427,7,4,133,81,52,43,20,1187.1,644,582,5243,1195,,,132,561,20,61,844,8,38,4.41,4.66,1.48,108.9,103.2,25.57,,2,133,81,52,0,0.609
2,롯데,2001,1747,5308,4521,718,1265,247,24,121,1923,671,106,53,585,60,39,817,89,82,60,0.28,0.366,0.425,0.791,0.354,103.3,27.54,,476,0,0,133,59,70,33,28,1171.2,670,609,5189,1238,,,128,523,23,61,790,2,53,4.68,4.62,1.5,100.2,101.5,21.38,,8,133,59,70,4,0.457
3,두산,2001,1654,5303,4583,732,1266,221,26,130,1929,688,132,34,560,60,27,697,116,54,46,0.276,0.359,0.421,0.78,0.353,102.1,27.3,,527,1,0,133,65,63,35,40,1180.1,733,651,5282,1290,,,128,546,17,60,799,0,47,4.96,4.66,1.56,92.2,98.1,17.56,,1,133,65,63,5,0.508
4,한화,2001,1807,5259,4556,659,1255,211,15,148,1940,628,135,65,549,45,28,877,106,75,34,0.275,0.357,0.426,0.783,0.351,101.1,25.55,,498,7,3,133,61,68,25,32,1185,733,638,5331,1288,,,142,541,44,66,813,5,57,4.85,4.72,1.54,100.8,103.5,20.97,,4,133,61,68,4,0.473
5,현대,2001,1653,5225,4445,711,1192,166,20,169,1905,667,99,55,598,76,14,911,109,77,29,0.268,0.363,0.429,0.791,0.356,104.6,25.44,,448,6,2,133,72,57,39,22,1183.1,628,570,5218,1250,,,98,531,8,54,757,1,54,4.34,4.37,1.51,108.2,107.4,25.33,,3,133,72,57,4,0.558
7,LG,2001,1803,5319,4521,669,1247,219,24,85,1769,630,96,58,590,52,24,759,100,114,41,0.276,0.363,0.391,0.754,0.342,95.1,21.7,,531,0,0,133,58,67,26,27,1184.2,732,675,5380,1253,,,127,647,43,69,765,6,52,5.13,4.92,1.6,89.5,93.3,16.18,,6,133,58,67,8,0.464
8,SK,2001,1723,5077,4400,596,1143,215,11,113,1719,555,123,59,457,71,23,770,95,122,26,0.26,0.337,0.391,0.728,0.327,84.7,13.97,,404,11,3,133,60,71,33,22,1171.1,640,574,5110,1148,,,155,508,31,65,908,1,54,4.41,4.67,1.41,106.7,100.8,22.81,,7,133,60,71,2,0.458
1,삼성,2002,1599,5304,4648,777,1321,266,16,191,2192,731,47,29,469,97,26,804,116,55,34,0.284,0.36,0.472,0.831,0.362,122.7,38.22,,481,2,1,133,82,47,37,22,1197.2,581,522,5089,1182,,,148,385,16,74,987,3,45,3.92,4.07,1.31,110,106,25.54,,1,133,82,47,4,0.636
2,KIA,2002,1687,5200,4575,643,1230,220,14,120,1838,611,155,39,454,91,32,914,107,45,35,0.269,0.344,0.402,0.746,0.331,101.9,28.11,,482,10,1,133,78,51,38,30,1195,580,521,5106,1185,,,151,370,14,97,862,2,55,3.92,4.34,1.3,108.5,98.1,22.4,,3,133,78,51,4,0.605
3,SK,2002,1737,5090,4475,618,1207,204,27,158,1939,587,80,55,385,100,15,815,94,96,34,0.27,0.339,0.433,0.772,0.336,105.2,26.92,,489,5,3,133,61,69,25,15,1179,638,586,5074,1150,,,176,402,34,78,948,3,34,4.47,4.47,1.32,94.1,94.1,17.29,,6,133,61,69,3,0.469
4,현대,2002,1748,5140,4444,658,1160,191,25,173,1920,643,79,50,464,99,26,945,82,99,34,0.261,0.342,0.432,0.774,0.336,105.2,26.6,,470,3,2,133,70,58,38,36,1186.1,614,559,5131,1219,,,142,416,12,64,890,5,54,4.24,4.24,1.38,100.7,100.7,21.6,,4,133,70,58,5,0.547
5,한화,2002,1791,5062,4491,603,1148,206,10,170,1884,570,94,65,446,49,22,1064,106,52,22,0.256,0.328,0.42,0.748,0.328,99.6,22.5,,521,8,1,133,59,69,32,32,1184.2,672,631,5198,1254,,,146,392,29,102,953,4,42,4.79,4.17,1.39,90.7,104.2,20.39,,7,133,59,69,5,0.461
6,두산,2002,1693,5083,4498,587,1173,174,21,130,1779,556,106,42,434,58,17,794,107,47,46,0.261,0.331,0.396,0.726,0.322,95.2,21.04,,515,3,2,133,66,65,38,43,1183,562,517,5087,1139,,,99,479,30,60,954,2,44,3.93,3.77,1.37,104.7,109.3,24.76,,5,133,66,65,2,0.504
7,LG,2002,1752,5121,4492,583,1173,212,22,100,1729,541,140,63,412,86,29,951,91,93,37,0.261,0.332,0.385,0.717,0.316,91,20.25,,588,2,0,133,66,61,32,40,1190.2,575,521,5145,1119,,,135,501,30,100,896,5,40,3.94,4.41,1.36,105,93.8,20.63,,2,133,66,61,6,0.52
8,롯데,2002,1757,4986,4512,463,1105,206,19,85,1604,443,76,63,324,78,14,978,75,49,22,0.245,0.305,0.356,0.661,0.295,76.7,8.23,,492,5,1,133,35,97,13,19,1168,710,615,5156,1269,,,130,443,16,83,775,1,40,4.74,4.43,1.47,88.8,94.9,13.49,,8,133,35,97,1,0.265
1,현대,2003,1648,5313,4483,723,1280,208,15,175,2043,673,75,48,543,109,23,727,100,139,38,0.286,0.374,0.456,0.829,0.363,117.7,37.5,,504,2,1,133,80,51,39,43,1190,627,550,5197,1245,,,120,457,6,62,840,2,56,4.16,3.95,1.43,103.9,109.3,23.78,,1,133,80,51,2,0.611
2,삼성,2003,1501,5241,4564,769,1295,236,14,213,2198,744,56,32,481,85,19,661,131,73,38,0.284,0.36,0.482,0.842,0.369,121.3,37.22,,529,2,1,133,76,53,30,41,1183,613,574,5150,1199,,,133,494,15,59,808,3,46,4.37,4.22,1.43,99.9,103.4,22.77,,4,133,76,53,4,0.589
3,KIA,2003,1657,5127,4448,657,1211,219,16,129,1849,626,146,67,505,42,18,721,72,94,37,0.272,0.349,0.416,0.765,0.34,101.8,26.26,,463,12,3,133,78,50,36,34,1178,527,478,4999,1092,,,137,414,12,101,820,1,42,3.65,4.16,1.28,117.3,102.9,25.71,,3,133,78,50,5,0.609
4,SK,2003,1656,5157,4445,644,1208,209,16,156,1917,612,82,57,464,89,10,763,87,127,32,0.272,0.35,0.431,0.781,0.344,104.8,25.84,,530,3,3,133,66,64,43,48,1181.1,642,583,5158,1190,,,135,497,19,83,759,2,42,4.44,4.39,1.43,93.9,95.1,17.27,,2,133,66,64,3,0.508
5,두산,2003,1702,5165,4536,563,1251,205,21,90,1768,541,58,36,452,62,17,706,121,63,52,0.276,0.346,0.39,0.736,0.332,96,20.73,,591,7,2,133,57,74,30,53,1175.2,619,555,5144,1194,,,105,464,22,79,654,3,37,4.25,4.14,1.41,97.9,100.5,19.11,,7,133,57,74,2,0.435
6,한화,2003,1739,5198,4458,577,1131,218,20,121,1752,521,78,57,542,75,22,887,89,102,21,0.254,0.343,0.393,0.736,0.33,94.4,20.36,,502,4,2,133,63,65,35,31,1192,617,580,5165,1184,,,142,437,14,68,772,9,53,4.38,4.25,1.36,99.1,102.2,22.43,,5,133,63,65,5,0.492
7,LG,2003,1694,4964,4375,509,1088,188,29,106,1652,485,135,62,404,70,11,781,90,74,40,0.249,0.32,0.378,0.697,0.313,82.2,13.46,,588,2,1,133,60,71,37,51,1169.2,579,521,5166,1201,,,120,531,27,60,794,2,49,4.01,4.18,1.48,103.6,99.3,21.01,,6,133,60,71,2,0.458
8,롯데,2003,1656,4987,4465,491,1143,232,18,73,1630,451,84,66,338,73,11,848,75,83,28,0.256,0.317,0.365,0.682,0.307,78.5,11.19,,616,3,0,133,39,91,22,58,1164.1,709,648,5173,1302,,,171,435,16,93,647,3,36,5.01,4.88,1.49,84.5,86.8,10.44,,8,133,39,91,3,0.3
1,현대,2004,1692,5322,4480,692,1233,190,13,134,1851,653,100,45,607,86,29,871,109,111,38,0.275,0.37,0.413,0.783,0.354,110.1,31.88,,492,3,0,133,75,53,36,32,1187,590,537,5135,1193,,,123,440,0,59,842,4,41,4.07,4.14,1.38,106.4,104.6,24.4,,1,133,75,53,5,0.586
2,KIA,2004,1685,5190,4426,643,1182,224,9,143,1853,610,127,54,549,79,22,693,118,82,54,0.267,0.354,0.419,0.773,0.349,106.5,28.86,,559,5,3,133,67,61,27,24,1183,637,594,5199,1198,,,119,496,13,120,773,1,48,4.52,4.48,1.43,96.6,97.5,21.03,,4,133,67,61,5,0.523
3,삼성,2004,1553,5170,4509,641,1215,225,9,132,1854,600,50,32,460,86,22,704,122,84,31,0.269,0.346,0.411,0.757,0.343,102.2,26.73,,557,4,2,133,73,52,42,74,1196.1,564,500,5138,1092,,,118,505,17,85,994,6,43,3.76,4.01,1.34,115.4,108.3,27.09,,2,133,73,52,8,0.584
4,SK,2004,1728,5254,4499,655,1223,196,9,138,1851,626,50,47,521,93,24,818,98,105,35,0.272,0.357,0.411,0.768,0.347,105.4,25.97,,531,3,1,134,61,64,29,49,1191,645,581,5240,1177,,,116,545,18,110,894,8,57,4.39,4.32,1.45,95.8,97.4,19.01,,5,133,61,64,8,0.488
5,한화,2004,1729,5150,4519,632,1213,245,17,140,1912,605,82,58,456,54,14,923,107,88,33,0.268,0.34,0.423,0.764,0.343,102.5,24.4,,534,3,0,133,53,74,37,36,1180.2,750,688,5267,1290,,,170,455,16,92,699,2,47,5.24,4.99,1.48,84,88.4,12.08,,7,133,53,74,6,0.417
6,두산,2004,1674,5109,4485,606,1200,202,19,89,1707,573,71,59,433,96,12,780,86,55,40,0.268,0.342,0.381,0.723,0.333,95.4,21.46,,521,4,2,133,70,62,38,47,1177.2,560,508,5056,1144,,,95,457,18,75,799,3,49,3.88,3.95,1.36,107.9,106.1,25.07,,3,133,70,62,1,0.53
7,LG,2004,1753,5081,4432,588,1150,176,24,102,1680,554,69,48,441,95,18,892,89,73,40,0.259,0.337,0.379,0.716,0.328,91.7,18.5,,606,3,1,132,59,70,35,64,1159.2,636,565,5156,1231,,,116,536,31,64,780,1,55,4.38,4.38,1.52,95.7,95.9,16.75,,6,133,59,70,4,0.457
8,롯데,2004,1661,5075,4462,533,1125,195,21,88,1626,500,129,46,416,92,15,853,99,74,31,0.252,0.327,0.364,0.691,0.317,84.8,15.36,,538,4,2,133,50,72,29,46,1190.1,608,558,5160,1216,,,109,449,41,76,753,3,43,4.22,4.09,1.4,101.2,104.3,22.8,,8,133,50,72,11,0.41
1,한화,2005,1507,4841,4304,622,1163,211,9,159,1869,594,62,24,400,75,12,824,121,31,31,0.27,0.341,0.434,0.775,0.351,111.6,28.62,,549,2,1,126,64,61,36,43,1111,603,545,4870,1193,,,111,389,9,88,662,2,35,4.41,4.39,1.42,99.2,99.8,19.05,,4,126,64,61,1,0.512
2,삼성,2005,1602,4975,4234,614,1134,178,6,111,1657,575,97,38,500,109,21,748,112,98,34,0.268,0.357,0.391,0.749,0.341,105.5,26.13,,552,2,1,126,74,48,37,62,1129.1,528,480,4791,1026,,,109,387,11,79,875,5,49,3.83,3.93,1.25,111.3,108.3,26.24,,1,126,74,48,4,0.607
3,SK,2005,1631,4984,4230,589,1139,174,12,122,1703,559,101,54,495,85,27,806,88,136,38,0.269,0.355,0.403,0.757,0.339,104.6,25.13,,523,2,2,126,70,50,27,50,1137,485,432,4822,1005,,,103,422,12,99,843,1,31,3.42,4.05,1.26,120.8,101.9,25.16,,3,126,70,50,6,0.583
4,현대,2005,1506,4899,4190,563,1071,168,16,134,1673,529,81,38,458,120,12,817,85,105,26,0.256,0.344,0.399,0.743,0.336,102.2,24.55,,496,2,0,126,53,70,28,22,1115.2,647,583,4930,1175,,,125,422,2,80,803,3,43,4.7,4.38,1.43,91.2,98,16.24,,7,126,53,70,3,0.431
5,LG,2005,1612,4785,4222,601,1098,189,21,105,1644,554,149,45,349,93,12,915,72,80,41,0.26,0.327,0.389,0.717,0.324,94.1,22.48,,606,3,1,126,54,71,31,59,1102.1,666,600,4969,1212,,,109,480,27,80,781,5,48,4.9,4.33,1.54,85,96.1,12.62,,6,126,54,71,1,0.432
6,두산,2005,1665,4922,4256,596,1147,183,17,63,1553,558,103,50,465,85,14,701,93,81,35,0.27,0.351,0.365,0.715,0.33,97.9,21.79,,516,2,1,126,72,51,33,51,1125,465,427,4774,1038,,,90,440,13,77,818,2,56,3.42,3.95,1.31,121.2,104.9,27.26,,2,126,72,51,3,0.585
7,KIA,2005,1564,4848,4234,541,1102,183,13,99,1608,507,101,43,430,74,24,718,101,79,31,0.26,0.337,0.38,0.717,0.326,95.3,19.51,,517,8,1,126,49,76,24,26,1105,659,595,4975,1166,,,138,510,16,119,786,3,59,4.85,4.88,1.52,87.7,87.1,11.45,,8,126,49,76,1,0.392
8,롯데,2005,1607,4722,4177,500,1058,202,23,83,1555,470,88,52,361,70,11,856,83,94,20,0.253,0.322,0.372,0.694,0.315,87.4,16.2,,494,2,0,126,58,67,33,24,1120.1,573,536,4845,1097,,,91,408,41,89,817,1,44,4.31,3.83,1.34,95.6,107.4,21.73,,5,126,58,67,1,0.464
1,현대,2006,1627,4798,4092,547,1104,172,9,92,1570,518,71,47,444,77,17,628,108,153,32,0.27,0.35,0.384,0.734,0.334,110.2,26.31,,492,2,1,126,70,55,41,45,1114.2,467,426,4771,1053,,,69,394,0,71,816,0,39,3.44,3.29,1.3,105,109.7,24.19,,3,126,70,55,1,0.56
2,한화,2006,1596,4769,4170,511,1057,191,3,110,1584,481,65,28,442,59,13,800,120,68,30,0.253,0.331,0.38,0.711,0.329,106.5,24.41,,471,11,3,126,67,57,41,47,1121.1,475,420,4731,1077,,,94,373,17,49,760,2,37,3.37,3.52,1.29,111.2,106.5,24.32,,2,126,67,57,2,0.54
3,SK,2006,1583,4793,4177,509,1059,171,19,99,1565,488,117,47,424,63,19,859,84,96,33,0.254,0.329,0.375,0.704,0.323,102.6,23.78,,564,0,0,126,60,65,33,52,1124,535,475,4819,1071,,,85,446,24,83,701,2,26,3.8,3.79,1.35,92.4,92.9,15.36,,6,126,60,65,1,0.48
4,삼성,2006,1646,4779,4091,538,1043,192,9,73,1472,505,121,52,477,79,14,689,107,90,42,0.255,0.341,0.36,0.701,0.325,104,23.65,,513,1,0,126,73,50,49,65,1118,471,414,4699,1030,,,100,365,9,63,781,7,21,3.33,3.59,1.25,108.6,100.8,23.47,,1,126,73,50,3,0.593
5,KIA,2006,1544,4754,4181,476,1067,191,22,62,1488,431,93,43,390,55,20,650,90,102,26,0.255,0.325,0.356,0.681,0.314,95.7,19.03,,447,2,0,126,64,59,35,29,1118.1,451,417,4725,998,,,73,442,17,78,735,2,44,3.36,3.59,1.29,108,101,23.05,,4,126,64,59,3,0.52
6,두산,2006,1640,4708,4147,455,1068,152,28,55,1441,425,132,57,368,83,14,635,102,81,27,0.258,0.328,0.347,0.676,0.314,96.1,18.97,,436,7,3,126,63,60,39,29,1115.2,467,416,4690,968,,,69,424,13,69,834,1,55,3.36,3.3,1.25,106.6,108.3,23.56,,5,126,63,60,3,0.512
7,롯데,2006,1650,4766,4137,488,1034,173,3,88,1477,463,62,41,418,65,17,815,84,124,21,0.25,0.327,0.357,0.684,0.314,96.1,18.22,,527,5,1,126,50,73,28,34,1118.2,541,482,4822,1128,,,83,410,30,60,637,1,30,3.88,3.71,1.38,90.4,94.5,14.8,,7,126,50,73,3,0.407
8,LG,2006,1612,4724,4217,457,1037,181,16,81,1493,430,84,33,330,52,19,813,86,92,32,0.246,0.306,0.354,0.661,0.303,88,16.3,,535,3,2,126,47,75,29,53,1110,574,521,4834,1144,,,87,439,23,60,625,3,41,4.22,3.88,1.43,83.9,91.3,12.67,,8,126,47,75,4,0.385
1,SK,2007,1686,4881,4236,603,1118,212,20,112,1706,568,136,68,442,76,22,750,86,87,40,0.264,0.341,0.403,0.744,0.34,106.9,26.77,,588,1,0,126,73,48,36,77,1139.1,465,410,4852,1079,,,77,445,27,67,650,1,28,3.24,3.85,1.34,117.6,99.1,23.29,,1,126,73,48,5,0.603
2,두산,2007,1632,4856,4199,578,1103,209,32,78,1610,543,161,59,449,88,21,748,102,68,51,0.263,0.343,0.383,0.726,0.335,103.3,26.33,,497,6,4,126,70,54,30,42,1131.1,480,432,4814,1067,,,74,399,24,75,721,4,43,3.44,3.6,1.3,112.6,107.5,25.41,,2,126,70,54,2,0.565
3,LG,2007,1631,4933,4322,532,1160,186,19,78,1618,508,130,46,431,48,24,704,107,89,43,0.268,0.338,0.374,0.713,0.328,98.3,22.6,,557,2,1,126,58,62,34,58,1135.2,600,547,5014,1181,,,63,514,21,52,630,2,48,4.33,3.88,1.49,89.6,100,16.88,,5,126,58,62,6,0.483
4,롯데,2007,1600,4894,4273,533,1152,193,18,76,1609,501,67,46,405,73,34,763,87,104,39,0.27,0.34,0.377,0.717,0.328,98.4,22.4,,523,2,0,126,55,68,22,24,1120.2,554,513,4871,1164,,,93,414,40,69,704,4,46,4.12,3.84,1.41,92.9,99.6,17.56,,7,126,55,68,3,0.447
5,현대,2007,1666,4920,4260,530,1154,178,7,96,1634,507,51,36,443,60,38,653,111,125,32,0.271,0.346,0.384,0.729,0.332,101.2,22.29,,550,1,0,126,56,69,27,46,1127,615,552,4906,1104,,,119,466,20,48,796,4,32,4.41,4.11,1.39,90.5,97.2,15.99,,6,126,56,69,1,0.448
6,한화,2007,1593,4805,4128,534,1050,165,13,104,1553,502,48,21,506,56,17,705,128,87,28,0.254,0.342,0.376,0.718,0.332,101,21.23,,450,9,3,126,67,57,39,36,1119,481,440,4781,1084,,,84,451,24,53,741,4,38,3.54,3.77,1.37,113.6,106.7,24.7,,3,126,67,57,2,0.54
7,삼성,2007,1657,4895,4186,497,1062,191,9,86,1529,469,101,46,511,63,28,678,93,95,39,0.254,0.341,0.365,0.706,0.326,97,20.97,,547,0,0,126,62,60,41,51,1131.2,509,466,4824,1091,,,90,400,7,58,719,5,35,3.71,3.79,1.32,105.8,103.4,22.85,,4,126,62,60,4,0.508
8,KIA,2007,1535,4811,4204,499,1080,198,16,73,1529,466,70,44,428,55,7,630,117,78,45,0.257,0.33,0.364,0.694,0.322,94,17.21,,530,2,1,126,51,74,26,27,1109.2,602,554,4933,1109,,,103,526,28,97,670,7,60,4.49,4.44,1.47,87.5,88.6,12.75,,8,126,51,74,1,0.408
1,SK,2008,1588,5003,4332,632,1222,215,23,89,1750,591,170,83,491,62,15,735,99,80,38,0.282,0.361,0.404,0.765,0.353,112.5,30.25,,609,1,1,126,83,43,43,72,1151,461,412,4855,1053,,,78,448,13,55,801,2,35,3.22,3.92,1.3,125.9,103.6,26.7,,1,126,83,43,0,0.659
2,롯데,2008,1405,4890,4256,624,1200,199,22,93,1722,590,133,68,445,76,13,728,97,62,51,0.282,0.357,0.405,0.761,0.352,111.9,29.7,,445,9,3,126,69,57,27,38,1119,518,453,4769,1134,,,70,409,32,47,671,2,42,3.64,3.9,1.38,110.5,103.3,21.94,,3,126,69,57,0,0.548
3,두산,2008,1678,4975,4344,647,1198,166,37,68,1642,598,189,63,472,78,23,719,115,36,44,0.276,0.354,0.378,0.732,0.343,105.4,27.38,,495,0,0,126,70,56,26,37,1134.2,542,490,4857,1115,,,78,379,13,69,780,5,45,3.89,3.82,1.32,105.3,107.2,22.89,,2,126,70,56,0,0.556
4,한화,2008,1630,4882,4275,592,1086,204,20,120,1690,566,97,25,463,57,17,770,100,52,35,0.254,0.333,0.395,0.728,0.336,100.7,23.64,,487,3,1,126,64,62,36,39,1129.2,595,556,4911,1136,,,95,519,28,49,723,4,37,4.43,4.4,1.47,95.8,96.5,18.04,,5,126,64,62,0,0.508
5,삼성,2008,1650,4859,4180,557,1078,187,15,92,1571,520,59,37,505,65,15,699,115,70,38,0.258,0.344,0.376,0.72,0.335,100.1,21.64,,535,0,0,126,65,61,40,48,1123.1,596,549,4867,1184,,,87,416,4,43,703,4,49,4.4,4.12,1.42,94.4,100.8,19.63,,4,126,65,61,0,0.516
7,KIA,2008,1572,4832,4210,503,1095,188,28,48,1483,465,131,65,453,48,14,642,97,85,35,0.26,0.336,0.352,0.689,0.321,90.7,16.88,,513,3,1,126,57,69,29,26,1124,555,510,4850,1078,,,65,473,9,77,733,5,52,4.08,4.04,1.38,100.3,101.4,21.21,,6,126,57,69,0,0.452
8,LG,2008,1538,4743,4184,468,1070,164,23,66,1478,447,111,45,364,59,6,765,90,85,50,0.256,0.321,0.353,0.674,0.313,84.8,14.06,,527,1,0,126,46,80,25,40,1108.1,646,597,4976,1239,,,82,480,4,72,631,3,46,4.85,4.46,1.55,84.4,91.9,12.67,,8,126,46,80,0,0.365
1,SK,2009,1705,5379,4574,732,1303,235,17,166,2070,693,181,68,552,84,16,892,103,128,40,0.285,0.369,0.453,0.822,0.36,106.9,29.1,,556,2,0,133,80,47,33,34,1213,550,494,5203,1141,,,130,519,33,54,1032,3,68,3.67,4.22,1.37,129.1,112.3,31.66,,2,133,80,47,6,0.602
2,삼성,2009,1648,5220,4459,685,1224,233,15,146,1925,650,125,50,584,67,23,789,108,67,43,0.275,0.364,0.432,0.796,0.354,102.8,26.27,,544,3,1,133,64,69,32,45,1163.2,700,644,5209,1226,,,141,609,9,56,905,1,67,4.98,4.9,1.58,98,99.6,20.3,,5,133,64,69,0,0.481
3,두산,2009,1670,5265,4591,722,1286,215,33,120,1927,669,129,50,522,86,21,849,128,26,40,0.28,0.362,0.42,0.781,0.353,101.7,25.9,,569,1,0,133,71,60,32,59,1186.1,662,607,5205,1221,,,120,515,7,75,862,3,55,4.6,4.52,1.46,103.2,105,23.54,,3,133,71,60,2,0.534
4,히어로즈,2009,1633,5211,4486,683,1219,228,20,153,1946,650,192,67,547,63,22,905,116,64,48,0.272,0.356,0.434,0.789,0.35,99.9,24.27,,581,0,0,133,60,72,29,32,1174.1,762,706,5221,1231,,,176,565,19,61,840,5,51,5.41,5.26,1.53,89.2,91.8,14.18,,6,133,60,72,1,0.451
5,한화,2009,1700,5273,4620,657,1241,210,13,164,1969,629,69,20,498,81,16,1017,126,43,31,0.269,0.348,0.426,0.774,0.346,97.3,23.48,,577,4,2,133,46,84,16,34,1174,805,743,5346,1335,,,176,569,27,77,908,5,57,5.7,5.17,1.62,85.9,94.6,14.66,,8,133,46,84,3,0.346
6,KIA,2009,1689,5215,4455,706,1191,197,24,156,1904,671,113,52,579,66,26,890,111,74,41,0.267,0.357,0.427,0.785,0.348,98.8,23.41,,480,4,0,133,81,48,38,36,1199,581,522,5176,1178,,,108,441,22,83,893,2,22,3.92,4.13,1.35,120.4,114.3,31.12,,1,133,81,48,4,0.609
7,LG,2009,1656,5248,4505,670,1251,182,21,129,1862,627,141,47,552,49,28,781,124,97,45,0.278,0.36,0.413,0.773,0.344,95.8,21.71,,598,0,0,133,54,75,25,38,1175,763,708,5339,1316,,,165,585,10,91,777,1,56,5.42,5.39,1.62,87.9,88.4,12.78,,7,133,54,75,4,0.406
8,롯데,2009,1533,5053,4420,637,1223,252,15,121,1868,597,106,45,456,68,8,816,121,60,49,0.277,0.35,0.423,0.773,0.345,96.5,20.62,,484,6,6,133,66,67,40,37,1162.1,669,613,5165,1290,,,139,487,33,67,722,3,49,4.75,4.84,1.53,100.9,98.8,20.54,,4,133,66,67,0,0.496
1,두산,2010,1701,5252,4538,731,1276,224,25,149,1997,706,128,61,533,89,27,834,97,54,38,0.281,0.365,0.44,0.805,0.363,114,32.99,,559,2,0,133,73,57,30,56,1179.2,669,606,5131,1190,,,135,437,6,85,888,2,58,4.62,4.58,1.38,98.4,99.3,20.44,,3,133,73,57,3,0.549
2,롯데,2010,1567,5261,4673,773,1345,220,16,185,2152,739,124,51,420,67,15,873,105,60,41,0.288,0.352,0.461,0.813,0.362,113.4,32.54,,542,7,3,133,69,61,21,37,1194,710,641,5204,1291,,,149,419,41,78,779,3,49,4.83,4.75,1.43,95.7,97.4,18.38,,4,133,69,61,3,0.519
3,삼성,2010,1678,5287,4436,681,1207,212,14,118,1801,630,158,55,621,75,29,916,111,111,44,0.272,0.368,0.406,0.774,0.35,105.1,28.84,,572,2,1,133,79,52,33,44,1193.2,575,523,5119,1168,,,103,453,11,54,951,3,61,3.94,4.06,1.36,117,113.6,28.95,,2,133,79,52,2,0.594
4,LG,2010,1618,5270,4604,688,1270,223,17,121,1890,652,169,56,486,54,25,907,97,82,44,0.276,0.349,0.411,0.759,0.342,100.2,24.72,,646,3,1,133,57,71,31,59,1188,746,690,5326,1279,,,125,560,23,104,793,6,74,5.23,4.94,1.55,87,92.1,14.38,,6,133,57,71,5,0.429
5,SK,2010,1715,5213,4439,704,1217,222,16,120,1831,648,161,69,484,99,25,813,86,147,44,0.274,0.355,0.412,0.768,0.342,100.2,24.01,,549,2,1,133,84,47,36,39,1198.1,545,494,5114,1074,,,117,543,27,47,1091,2,80,3.71,4.14,1.35,122.6,109.7,29.64,,1,133,84,47,2,0.632
6,KIA,2010,1623,5166,4416,611,1148,190,17,106,1690,574,117,52,523,85,14,865,110,109,33,0.26,0.347,0.383,0.73,0.332,93.4,19.55,,539,4,1,133,59,74,25,40,1183.2,641,577,5205,1227,,,93,468,19,81,885,4,53,4.39,4.16,1.43,104,109.8,23.68,,5,133,59,74,0,0.444
7,넥센,2010,1680,5139,4452,570,1165,199,20,87,1665,539,135,56,480,68,16,874,119,95,43,0.262,0.34,0.374,0.714,0.325,88.8,16.83,,597,1,1,133,52,78,27,39,1185.2,652,599,5231,1162,,,122,614,17,95,832,3,66,4.55,4.97,1.5,100,91.5,18.15,,7,133,52,78,3,0.391
8,한화,2010,1751,5009,4321,543,1053,160,13,104,1551,508,121,70,497,80,10,943,106,75,33,0.244,0.331,0.359,0.69,0.317,83.7,11.27,,556,6,4,133,49,82,24,28,1169.1,763,705,5267,1290,,,146,550,17,73,806,5,65,5.43,5.09,1.57,85.2,90.9,14.3,,8,133,49,82,2,0.368
1,롯데,2011,1671,5234,4599,713,1324,226,30,111,1943,666,112,58,466,64,19,836,124,61,44,0.288,0.358,0.422,0.781,0.359,115.8,33.92,,552,3,2,133,72,56,27,45,1187,619,554,5114,1256,,,113,430,19,58,787,4,62,4.2,4.29,1.42,99.9,97.8,19.93,,3,133,72,56,5,0.563
2,KIA,2011,1613,5129,4373,627,1177,204,15,106,1729,597,113,38,554,59,11,782,110,109,34,0.269,0.357,0.395,0.752,0.346,107.5,29.09,,515,7,4,133,70,63,29,37,1163.2,580,530,4991,1117,,,87,457,14,76,920,6,51,4.1,3.92,1.35,100.8,105.5,22.78,,4,133,70,63,0,0.526
3,두산,2011,1602,5204,4498,614,1221,196,27,92,1747,578,130,57,513,81,17,799,118,73,39,0.271,0.354,0.388,0.742,0.344,106.3,28,,530,4,2,133,61,70,34,46,1188.2,619,563,5170,1231,,,96,476,19,75,855,6,70,4.26,4.15,1.44,96.1,98.8,19.64,,5,133,61,70,2,0.466
4,삼성,2011,1689,5145,4437,625,1150,193,20,95,1668,585,158,51,522,69,23,940,97,73,43,0.259,0.343,0.376,0.719,0.334,98.9,25.18,,532,1,1,133,79,50,48,74,1196.1,513,445,5077,1191,,,92,395,8,38,841,5,40,3.35,3.85,1.33,124.6,108.3,29.59,,1,133,79,50,4,0.612
5,LG,2011,1677,5158,4522,579,1203,192,15,94,1707,539,116,52,463,49,15,858,106,86,37,0.266,0.338,0.377,0.716,0.331,97,21.25,,564,2,1,133,59,72,30,50,1193.2,620,550,5209,1173,,,80,512,20,71,827,6,52,4.15,4.09,1.41,98.9,100.2,19.59,,6,133,59,72,2,0.45
6,SK,2011,1616,5124,4404,584,1157,204,18,100,1697,561,105,61,470,67,15,891,88,147,36,0.263,0.34,0.385,0.726,0.331,97,20.88,,562,1,0,133,71,59,37,63,1192.1,522,476,5032,1001,,,93,541,24,65,1006,3,64,3.59,3.98,1.29,114.2,103.1,25.82,,2,133,71,59,3,0.546
7,한화,2011,1754,5085,4367,568,1112,160,14,93,1579,536,100,76,488,74,14,906,93,130,25,0.255,0.338,0.362,0.7,0.323,91.9,18.14,,561,4,1,133,59,72,26,36,1175,727,667,5280,1273,,,128,524,10,55,938,2,91,5.11,4.46,1.53,81.8,93.6,13.21,,6,133,59,72,2,0.45
8,넥센,2011,1645,4989,4343,512,1065,187,23,79,1535,472,99,55,460,51,16,992,94,103,32,0.245,0.323,0.353,0.676,0.313,84.6,13,,609,0,0,133,51,80,30,66,1171.1,622,568,5195,1167,,,81,601,16,76,830,1,73,4.36,4.37,1.51,94.1,94.1,16.99,,8,133,51,80,2,0.389
1,삼성,2012,1668,5161,4436,628,1205,200,26,89,1724,585,125,48,500,86,19,813,91,91,47,0.272,0.353,0.389,0.742,0.344,113.9,33.8,,522,3,0,133,80,51,39,71,1187.2,473,448,4941,1085,,,65,384,14,37,885,5,46,3.39,3.35,1.24,112.5,113.9,28.68,,1,133,80,51,2,0.611
2,SK,2012,1642,4996,4347,564,1120,197,15,108,1671,523,104,75,445,58,19,864,85,118,28,0.258,0.333,0.384,0.717,0.33,103.9,24.08,,549,0,0,133,71,59,40,69,1181.1,528,502,5007,1114,,,90,457,26,70,814,7,35,3.82,3.99,1.33,99.6,95.5,21.45,,2,133,71,59,3,0.546
3,KIA,2012,1613,5131,4348,553,1112,197,19,54,1509,518,132,51,544,60,18,790,100,132,47,0.256,0.343,0.347,0.69,0.321,98.1,23.96,,535,11,6,133,62,65,27,33,1183.2,564,513,5101,1161,,,69,452,13,68,822,6,56,3.9,3.76,1.36,96.9,100.6,19.93,,5,133,62,65,6,0.488
4,넥센,2012,1626,5021,4338,549,1056,189,28,102,1607,509,179,72,476,72,17,892,79,92,43,0.243,0.325,0.37,0.696,0.322,98.7,23.82,,493,3,1,133,61,69,36,34,1187.1,551,505,5116,1131,,,80,535,9,74,853,0,62,3.83,4.06,1.4,100.1,94.4,19.29,,6,133,61,69,3,0.469
5,LG,2012,1733,5180,4539,544,1184,212,18,59,1609,512,140,57,458,53,19,857,107,80,50,0.261,0.332,0.354,0.687,0.321,97.7,23.42,,576,1,0,133,57,72,35,64,1202,580,537,5188,1235,,,65,422,23,71,735,6,57,4.02,3.76,1.38,95,101.7,20.38,,7,133,57,72,4,0.442
6,한화,2012,1769,5057,4331,509,1077,208,12,71,1522,479,107,53,538,61,17,907,102,100,27,0.249,0.338,0.351,0.69,0.323,99.1,22.28,,550,3,0,133,53,77,29,54,1172.1,647,593,5092,1148,,,106,488,18,68,936,3,82,4.55,4.06,1.4,85.9,96.3,15.31,,8,133,53,77,3,0.408
7,롯데,2012,1701,5043,4481,509,1179,202,16,73,1632,479,119,53,375,54,19,890,91,107,26,0.263,0.326,0.364,0.69,0.319,96.5,21.38,,598,3,1,133,65,62,39,63,1190.1,518,460,5070,1145,,,74,469,20,53,825,1,65,3.48,3.79,1.36,110.2,101.1,22.8,,4,133,65,62,6,0.512
8,두산,2012,1645,4938,4379,524,1139,172,26,59,1540,490,116,51,362,54,12,659,129,102,40,0.26,0.322,0.352,0.673,0.313,91.9,20.59,,513,9,3,133,68,62,38,47,1193.1,519,475,5012,1053,,,66,491,17,57,802,4,57,3.58,3.81,1.29,106.8,100.3,22.79,,3,133,68,62,3,0.523
1,두산,2013,1649,5142,4401,699,1271,217,37,95,1847,654,172,61,524,79,19,717,105,82,56,0.289,0.37,0.42,0.79,0.363,114.5,34.07,,537,1,0,128,71,54,30,42,1150.1,625,584,5043,1183,,,84,514,0,76,848,6,55,4.57,4.36,1.48,93.1,97.5,17.9,,2,128,71,54,3,0.568
2,삼성,2013,1616,5042,4370,669,1235,212,17,113,1820,624,95,41,453,93,9,818,98,84,41,0.283,0.359,0.416,0.776,0.357,110.1,29.91,,508,2,1,128,75,51,31,49,1146.2,545,507,4896,1119,,,98,411,0,60,955,4,44,3.98,4.03,1.33,107.6,106.4,24.31,,1,128,75,51,2,0.595
3,넥센,2013,1581,5015,4294,646,1167,209,11,125,1773,607,131,65,505,98,12,912,94,76,42,0.272,0.358,0.413,0.771,0.355,109.1,28.74,,541,0,0,128,72,54,50,70,1146.1,576,525,4996,1160,,,75,503,0,84,860,3,52,4.12,4.24,1.45,105.7,102.9,22.46,,4,128,72,54,2,0.571
4,SK,2013,1556,4950,4278,588,1134,189,20,124,1735,558,144,63,465,86,25,918,99,83,37,0.265,0.346,0.406,0.752,0.344,101.7,25.4,,522,4,1,128,62,63,31,38,1139,571,527,4932,1091,,,101,505,0,70,878,5,66,4.16,4.47,1.4,104.2,97,20.74,,6,128,62,63,3,0.496
5,LG,2013,1613,4934,4291,616,1210,194,38,59,1657,574,139,71,451,59,11,806,80,91,42,0.282,0.355,0.386,0.741,0.343,100.9,24.48,,579,4,2,128,74,54,42,86,1134.2,510,469,4848,1131,,,74,406,0,87,822,2,46,3.72,4.05,1.36,114.1,104.8,24.89,,3,128,74,54,0,0.578
6,KIA,2013,1598,5051,4318,587,1125,195,13,88,1610,545,141,47,537,75,8,864,110,78,42,0.261,0.349,0.373,0.722,0.337,96.9,22.7,,551,2,0,128,51,74,32,50,1142.1,711,650,5200,1307,,,88,532,0,76,923,6,73,5.12,4.33,1.61,83.8,99.1,13.69,,8,128,51,74,3,0.408
7,롯데,2013,1564,4978,4289,556,1118,208,18,61,1545,522,133,58,502,72,22,862,92,74,41,0.261,0.345,0.36,0.705,0.33,91.9,19.58,,537,1,1,128,66,58,38,64,1149.1,553,502,4986,1148,,,84,489,0,62,820,0,45,3.93,4.31,1.42,111.2,101.4,22.99,,5,128,66,58,4,0.532
8,한화,2013,1645,4915,4271,480,1106,212,13,47,1485,448,70,49,479,80,11,933,140,54,30,0.259,0.343,0.348,0.69,0.327,89.8,16.56,,538,2,0,128,42,85,22,34,1129,711,666,5073,1195,,,98,532,0,95,822,8,89,5.31,4.69,1.53,81.7,92.6,11.65,,9,128,42,85,1,0.331
9,NC,2013,1681,4866,4282,512,1045,209,25,86,1562,485,142,47,434,62,11,955,94,55,31,0.244,0.32,0.365,0.685,0.319,84.3,13.35,,510,5,1,128,52,72,26,31,1144.1,551,503,4919,1077,,,96,458,0,94,857,6,60,3.96,4.39,1.34,108.6,97.9,21.63,,7,128,52,72,4,0.419
1,넥센,2014,1573,5163,4434,841,1323,275,31,199,2257,786,100,44,523,101,10,849,100,65,40,0.298,0.382,0.509,0.891,0.388,115.7,33.72,20.41,530,0,0,128,78,48,35,55,1131.2,716,668,5107,1299,231,18,142,516,2,61,901,4,55,5.31,5.42,1.6,99.2,98.8,21.94,-5.37,2,128,78,48,2,0.619
2,삼성,2014,1590,5152,4464,812,1345,238,23,161,2112,763,161,46,507,62,11,743,88,76,43,0.301,0.377,0.473,0.85,0.374,107.9,29.92,20.5,543,3,1,128,78,47,35,65,1144,621,583,4990,1217,257,23,120,395,11,61,996,3,51,4.59,4.65,1.41,115.3,113.6,28.7,-4.68,1,128,78,47,3,0.624
3,두산,2014,1585,5083,4427,687,1299,235,26,108,1910,646,111,44,468,64,10,731,103,81,43,0.293,0.366,0.431,0.798,0.356,104.7,26.85,8.74,564,4,0,128,59,68,19,61,1123.2,733,679,5066,1311,243,29,121,450,4,58,840,4,56,5.44,5.11,1.57,90.9,98.3,16.98,-12.86,6,128,59,68,1,0.465
4,SK,2014,1537,5082,4423,735,1285,245,22,115,1919,696,139,46,447,72,12,926,92,91,49,0.291,0.362,0.434,0.795,0.353,99.5,23.83,15.99,556,2,0,128,61,65,26,44,1129.1,760,699,5112,1271,241,21,153,522,19,68,837,1,67,5.57,5.65,1.59,91.6,92.6,15.82,-18.1,5,128,61,65,2,0.484
5,롯데,2014,1615,5194,4487,716,1289,252,26,121,1956,686,63,41,534,70,19,964,95,62,41,0.287,0.369,0.436,0.805,0.359,100.1,23.49,6.52,528,0,0,128,57,68,28,56,1100,705,645,4940,1268,243,26,126,456,11,52,756,1,52,5.28,5.33,1.57,103.3,100.2,21.29,-11.89,7,128,58,69,1,0.457
6,NC,2014,1743,5031,4426,737,1249,228,36,143,1978,697,154,47,443,67,9,918,90,44,51,0.282,0.353,0.447,0.8,0.354,97.6,23.06,12.02,580,3,1,128,70,57,31,59,1135.2,608,554,5003,1174,223,12,117,481,8,73,848,5,50,4.39,5.14,1.46,118.5,102.6,25.28,-5.78,3,128,70,57,1,0.551
7,KIA,2014,1671,5023,4443,662,1279,246,27,121,1942,631,121,63,416,62,11,870,95,67,35,0.288,0.355,0.437,0.792,0.351,95.8,19.71,5.43,507,2,1,128,54,74,26,40,1121.2,788,735,5143,1289,252,32,116,561,8,67,896,1,78,5.9,5.26,1.65,88.5,100.6,17.24,-15.93,8,128,54,74,0,0.422
8,LG,2014,1658,5070,4349,667,1214,213,22,90,1741,623,104,64,524,63,16,817,112,77,57,0.279,0.361,0.4,0.761,0.343,95.6,19.05,7.69,574,2,1,128,62,64,35,65,1142.2,643,584,5028,1211,194,27,104,419,25,95,810,1,51,4.6,4.91,1.43,107.6,102.8,23.87,-9.04,4,128,62,64,2,0.492
9,한화,2014,1589,5055,4417,619,1251,223,24,104,1834,594,70,41,490,55,5,839,125,50,43,0.283,0.359,0.415,0.774,0.349,89.3,16.08,9.13,530,2,1,130,49,77,26,30,1129,889,800,5312,1451,264,48,162,537,14,81,748,3,83,6.38,6,1.76,85.1,88,11.26,-23.12,9,128,49,77,2,0.389
1,삼성,2015,1771,5803,5019,897,1515,259,25,176,2352,850,157,52,581,70,21,930,109,76,57,0.302,0.378,0.469,0.847,0.373,115.3,33.76,19.23,577,4,1,144,88,56,34,60,1275.1,716,666,5523,1323,270,17,182,423,11,64,1194,2,44,4.7,4.72,1.37,105.1,104.2,14.06,-3.49,2,144,88,56,0,0.611
2,넥센,2015,1769,5811,5069,904,1512,304,20,203,2465,855,100,47,544,82,18,1098,112,61,55,0.298,0.372,0.486,0.858,0.376,115.4,31.63,19.1,587,1,1,144,78,65,29,44,1286,790,707,5709,1404,236,28,146,518,7,81,1066,4,85,4.95,4.81,1.5,100.6,103.2,17.54,-12.81,4,144,78,65,1,0.545
3,두산,2015,1704,5759,4957,807,1436,254,22,140,2154,770,111,47,567,99,24,820,139,75,60,0.29,0.37,0.435,0.804,0.358,112.1,31.61,14.48,623,3,2,144,79,65,30,57,1286,776,719,5762,1385,248,22,138,584,15,77,1064,11,75,5.03,4.86,1.53,93.2,96,14.37,-7.41,1,144,79,65,0,0.549
4,NC,2015,1960,5727,4967,844,1437,283,28,161,2259,802,204,60,536,106,24,1023,105,64,53,0.289,0.367,0.455,0.822,0.363,110.9,30.27,13.28,635,1,0,144,84,57,37,55,1279.1,655,606,5536,1283,221,17,149,436,13,113,1057,3,60,4.26,4.73,1.34,112.4,103.1,21.59,0.22,3,144,84,57,3,0.596
5,롯데,2015,1821,5680,4972,765,1393,254,19,177,2216,727,104,50,532,68,22,1186,136,80,28,0.28,0.356,0.446,0.802,0.354,102.9,21.7,6.75,618,3,1,144,66,77,19,47,1281.1,802,727,5724,1461,253,13,164,489,26,87,1015,3,90,5.11,4.98,1.52,98.7,99,14.19,-12.54,8,144,66,77,1,0.462
6,SK,2015,1845,5588,4861,693,1323,214,10,145,1992,656,94,59,490,98,13,1047,113,110,29,0.272,0.349,0.41,0.759,0.338,95.4,19,2.64,621,3,2,144,69,73,31,60,1280.2,724,673,5646,1358,270,11,153,517,31,70,1149,4,73,4.73,4.68,1.46,102.1,103.8,21.76,-4.73,5,144,69,73,2,0.486
8,한화,2015,1899,5713,4850,717,1316,218,19,130,1962,667,80,47,581,109,33,1133,112,139,35,0.271,0.36,0.405,0.764,0.34,89.9,15.68,11.13,672,5,3,144,68,76,32,44,1279.2,800,727,5771,1349,232,12,157,648,38,96,920,9,85,5.11,5.43,1.56,97.4,90.9,11.91,-14.97,6,144,68,76,0,0.472
9,LG,2015,1988,5599,4941,653,1331,252,22,114,1969,601,113,62,462,80,18,1076,98,75,41,0.269,0.339,0.399,0.738,0.33,92.1,15.28,0.53,616,3,1,144,64,78,25,44,1279.2,721,660,5599,1352,227,26,125,490,30,98,1063,3,83,4.64,4.53,1.44,101.1,103.3,22.22,-6.96,9,144,64,78,2,0.451
10,KIA,2015,2022,5454,4777,648,1197,223,22,136,1872,602,115,50,454,101,16,1126,105,79,43,0.251,0.326,0.392,0.718,0.32,79,5.51,3.86,628,1,1,144,67,77,32,65,1273,739,679,5673,1371,252,31,143,572,22,98,979,4,80,4.8,5.07,1.53,102.8,97.7,20.09,-8.59,7,144,67,77,0,0.465
1,두산,2016,1812,5841,5044,935,1504,284,25,183,2387,877,85,45,600,86,11,884,121,43,68,0.298,0.378,0.473,0.851,0.379,116.8,34.81,23.69,579,2,2,144,93,50,36,55,1287.2,682,638,5658,1385,246,30,136,498,7,77,982,4,66,4.46,4.96,1.46,114.6,101,24.93,-2.18,1,144,93,50,1,0.65
2,NC,2016,1941,5833,5007,857,1457,249,19,169,2251,808,99,41,609,93,18,1023,133,70,52,0.291,0.375,0.45,0.824,0.369,108.6,28.87,16.13,628,0,0,144,83,58,36,62,1286.1,690,642,5643,1314,208,18,137,516,2,86,1147,7,84,4.49,4.79,1.42,113.3,107.4,25.78,-3.7,2,144,83,58,3,0.589
3,넥센,2016,1780,5702,4990,813,1464,254,39,134,2198,765,154,83,556,63,17,956,121,34,59,0.293,0.368,0.44,0.808,0.364,100.8,23.47,16.99,608,0,0,144,77,66,38,74,1280.1,757,705,5684,1487,249,27,152,435,3,68,895,3,50,4.96,5.11,1.5,106,101.4,21.57,-11.47,3,144,77,66,1,0.538
4,삼성,2016,1808,5863,5093,852,1492,249,34,142,2235,792,104,50,552,75,15,864,119,88,55,0.293,0.367,0.439,0.806,0.36,100.1,22.21,13.64,647,2,0,144,65,78,34,60,1282.1,869,804,5799,1507,251,20,193,518,6,87,935,8,52,5.64,5.69,1.58,93.4,91.7,12.55,-20.19,9,144,65,78,1,0.455
5,롯데,2016,1840,5784,5001,777,1439,252,20,127,2112,732,145,64,596,83,18,1061,120,62,41,0.288,0.37,0.422,0.793,0.359,100.4,21.46,14.15,668,2,1,144,66,78,27,59,1266.1,865,792,5785,1486,276,32,161,585,27,78,1009,5,82,5.63,5.36,1.64,92.8,97.5,11.08,-20.15,8,144,66,78,0,0.458
6,KIA,2016,1924,5696,4999,803,1429,264,28,170,2259,754,101,50,499,87,12,997,109,66,45,0.286,0.358,0.452,0.81,0.36,99.6,21.4,10.68,635,7,1,144,70,73,38,74,1276,785,708,5771,1456,230,23,131,561,18,59,965,7,69,4.99,5.03,1.58,103.7,103.8,19.63,-12.19,5,144,70,73,1,0.49
7,LG,2016,1936,5765,5051,786,1464,238,26,118,2108,744,121,70,523,72,10,982,92,65,54,0.29,0.361,0.417,0.779,0.352,98,20.29,13.27,676,2,2,144,71,71,34,75,1287.2,807,729,5782,1426,243,23,122,539,27,109,909,1,84,5.1,5.06,1.53,99.8,99,14.32,-13.17,4,144,71,71,2,0.5
8,SK,2016,1834,5672,5023,753,1464,234,19,182,2282,715,89,60,429,102,13,1018,104,71,47,0.291,0.356,0.454,0.811,0.359,100.1,20.23,7.56,600,1,0,144,69,75,31,43,1274,784,699,5659,1386,232,22,151,527,18,76,945,7,65,4.94,5.23,1.5,105.7,100.3,18.28,-10.56,6,144,69,75,0,0.479
9,한화,2016,1888,5838,5109,826,1478,242,27,142,2200,787,64,38,510,91,19,1025,123,87,41,0.289,0.362,0.431,0.792,0.355,95.6,17.49,14.55,680,1,0,144,66,75,24,39,1292.2,908,828,5937,1520,230,15,155,634,23,76,976,6,72,5.76,5.44,1.67,91.1,96.5,13.12,-19.05,7,144,66,75,3,0.468
1,두산,2017,1825,5833,5102,849,1499,270,20,178,2343,812,69,33,541,95,19,960,120,48,47,0.294,0.369,0.459,0.828,0.364,116.5,34.82,17.72,590,3,2,144,84,57,35,46,1288,678,627,5682,1405,234,31,125,464,11,87,956,4,54,4.38,4.77,1.45,109.9,101.1,21.46,-3.94,2,144,84,57,3,0.596
2,KIA,2017,1933,5841,5142,906,1554,292,29,170,2414,868,76,34,499,89,19,891,118,55,56,0.302,0.37,0.469,0.84,0.367,113.1,31.25,20.61,582,5,2,144,87,56,33,46,1290,743,691,5748,1518,255,21,137,434,22,77,985,4,69,4.82,4.73,1.51,103.1,105.6,19.12,-5.01,1,144,87,56,1,0.608
3,NC,2017,1987,5790,5079,786,1489,277,19,149,2251,739,93,32,471,130,19,979,119,62,48,0.293,0.365,0.443,0.808,0.356,106.7,26.45,12.44,620,1,0,144,79,62,32,51,1284.2,745,673,5640,1342,208,9,169,470,12,93,1097,3,93,4.71,5.02,1.41,105.2,99.6,16.35,-3.91,4,144,79,62,3,0.56
4,넥센,2017,1813,5712,5098,789,1479,267,30,141,2229,748,70,34,468,83,15,1066,129,21,42,0.29,0.357,0.437,0.794,0.353,102.9,23.45,10.04,554,2,1,144,69,73,40,66,1271,764,714,5663,1488,280,21,149,388,10,97,1005,3,56,5.06,4.8,1.48,98.4,102,18.33,-12.17,7,144,69,73,2,0.486
5,SK,2017,1772,5564,4925,761,1337,222,15,234,2291,733,53,42,427,113,20,1100,97,57,41,0.271,0.341,0.465,0.806,0.349,99.3,20.14,12.43,608,2,1,144,75,68,30,64,1270.2,767,710,5692,1443,271,17,154,481,35,105,940,7,61,5.03,5.13,1.51,100.1,98.6,17.06,-9.09,5,144,75,68,1,0.524
6,롯데,2017,1844,5671,4994,743,1425,250,17,151,2162,697,92,44,457,112,33,1018,146,76,32,0.285,0.356,0.433,0.789,0.347,98,19.9,12.54,623,1,0,144,80,62,39,59,1287.1,701,653,5634,1357,245,20,162,477,25,79,1096,7,67,4.57,4.91,1.43,110.4,102.6,24.96,-3.64,3,144,80,62,2,0.563
7,한화,2017,1787,5665,5030,736,1445,261,16,150,2188,684,64,44,416,94,15,974,112,85,38,0.287,0.351,0.435,0.786,0.344,96.8,17.5,8.18,634,1,0,144,61,81,31,49,1273,820,749,5698,1474,278,16,166,446,13,100,914,4,77,5.3,5.25,1.51,95,96.4,13.83,-18.16,8,144,61,81,2,0.43
8,삼성,2017,1786,5707,5095,757,1419,255,36,145,2181,703,98,37,429,70,17,983,97,58,55,0.279,0.34,0.428,0.768,0.337,92.7,16.81,5.87,613,1,0,144,55,84,27,34,1281.1,911,840,5916,1541,281,28,187,548,15,118,1063,4,74,5.9,5.5,1.63,86,91.7,6.74,-20.24,9,144,55,84,5,0.396
9,LG,2017,1896,5614,4944,699,1390,216,20,110,1976,664,77,56,438,101,17,1021,123,76,55,0.281,0.348,0.4,0.748,0.333,93,15.83,3.6,619,4,1,144,69,72,32,66,1279,677,614,5507,1305,249,29,124,379,31,102,1040,3,81,4.32,4.43,1.32,112.1,109.1,19.16,-5.25,6,144,69,72,3,0.489
1,두산,2018,1837,5870,5176,944,1601,284,30,191,2518,898,96,23,496,92,16,1016,112,43,63,0.309,0.376,0.486,0.862,0.372,119.8,37.57,26.13,615,1,0,144,93,51,41,56,1288.2,756,716,5700,1401,266,16,154,476,17,109,1025,2,72,5,5.12,1.46,101.1,98.4,19.4,-5.12,2,144,93,51,0,0.646
2,KIA,2018,1918,5744,5036,865,1487,258,22,170,2299,823,88,37,503,99,27,905,135,56,50,0.295,0.367,0.457,0.824,0.357,107.2,26.96,17.18,575,4,0,144,70,74,26,43,1270.2,826,766,5708,1511,271,17,181,445,28,69,1017,3,65,5.43,5.23,1.54,94.6,98.6,16.43,-19.08,5,144,70,74,0,0.486
3,롯데,2018,1910,5764,5130,821,1484,289,17,203,2416,792,68,32,471,81,22,1157,124,45,37,0.289,0.356,0.471,0.827,0.356,103.9,24.47,13.11,686,0,0,144,68,74,29,64,1283.2,846,771,5788,1410,295,26,166,548,23,73,1164,7,65,5.41,5.1,1.53,96.5,102.6,15.85,-16.1,7,144,68,74,2,0.479
4,SK,2018,1773,5682,4992,829,1403,234,13,233,2362,791,108,39,483,119,6,1079,103,54,34,0.281,0.356,0.473,0.829,0.357,103.8,23.89,16.93,634,0,0,144,78,65,29,63,1274.2,729,664,5563,1353,232,17,189,425,15,74,1130,2,62,4.69,5.13,1.4,112.1,103.4,21.78,-10.28,1,144,78,65,1,0.545
5,넥센,2018,1757,5780,5141,825,1481,288,19,165,2302,787,101,33,472,85,25,1208,93,32,50,0.288,0.355,0.448,0.802,0.349,101.3,23.6,15.7,591,4,1,144,75,69,32,72,1282,780,723,5646,1442,252,18,178,416,13,98,1021,4,59,5.08,5.22,1.45,101.5,97.8,18.07,-12.66,4,144,75,69,0,0.521
6,LG,2018,1789,5665,5070,788,1487,299,12,148,2254,740,71,38,418,75,14,1001,125,51,51,0.293,0.353,0.445,0.797,0.347,102.5,23.14,14.02,601,3,2,144,68,75,29,43,1268.2,816,750,5677,1434,266,19,159,453,13,89,1058,4,72,5.32,5.05,1.49,94.8,99.2,13.04,-17.54,8,144,68,75,1,0.476
7,삼성,2018,1717,5766,5109,776,1471,241,29,146,2208,732,116,52,468,87,14,1034,115,57,45,0.288,0.355,0.432,0.787,0.344,96.6,19.89,8.89,618,0,0,144,68,72,33,56,1285.1,802,745,5740,1477,291,18,185,441,10,107,1114,5,45,5.22,5.23,1.49,101.7,100.5,18.08,-10.91,6,144,68,72,4,0.486
8,KT,2018,1822,5605,5026,757,1382,264,13,206,2290,721,80,57,464,46,14,1109,103,43,26,0.275,0.34,0.456,0.796,0.343,94.2,15.12,8.54,631,4,1,144,59,82,24,45,1274.1,834,760,5743,1580,272,23,194,409,25,84,1025,1,63,5.37,5.31,1.56,98.7,97.9,16.59,-20.35,9,144,59,82,3,0.418
9,한화,2018,1764,5539,4972,729,1369,249,14,151,2099,668,118,64,420,88,17,1098,113,31,28,0.275,0.341,0.422,0.763,0.335,89.1,12.22,10.47,685,0,0,144,77,67,37,62,1274,761,701,5637,1394,246,13,164,472,9,89,1124,7,78,4.95,5.04,1.47,107,105.9,19.69,-5.47,3,144,77,67,0,0.535
10,NC,2018,1938,5488,4895,660,1280,233,18,143,1978,629,82,35,427,88,15,1081,115,35,43,0.261,0.329,0.404,0.733,0.322,83.6,9.68,6.03,622,1,0,144,58,85,24,51,1264,844,773,5701,1443,248,20,186,537,17,68,1010,6,92,5.5,5.54,1.57,94.3,94.9,10.98,-19.46,10,144,58,85,1,0.406
1,키움,2019,1637,5658,4991,780,1405,252,37,112,2067,741,110,33,514,69,13,943,122,36,48,0.282,0.354,0.414,0.768,0.352,113.8,32.46,9.03,611,2,2,144,86,57,39,90,1279,572,512,5427,1293,244,24,61,371,3,58,984,6,45,3.6,3.48,1.3,114.9,118.7,22.22,5.42,2,144,86,57,1,0.601
2,두산,2019,1738,5669,4912,736,1364,235,31,84,1913,692,102,38,562,73,16,799,117,39,83,0.278,0.355,0.389,0.745,0.344,109.5,27.97,6.12,621,3,0,144,88,55,44,69,1283.2,550,501,5434,1259,231,22,78,380,22,70,860,5,49,3.51,3.85,1.28,116.9,106,23.64,10.43,1,144,88,55,1,0.615
3,NC,2019,1783,5631,4968,674,1383,249,26,128,2068,639,86,45,456,83,14,880,126,64,60,0.278,0.345,0.416,0.762,0.346,107.7,26.43,-1.13,645,5,2,144,73,69,32,68,1284.1,631,573,5578,1285,199,19,103,483,10,92,991,2,68,4.02,4.22,1.38,104.9,100,17.39,3.13,5,144,73,69,2,0.514
4,KT,2019,1883,5572,4956,650,1374,186,20,103,1909,615,103,44,475,51,15,973,113,45,45,0.277,0.344,0.385,0.729,0.336,102.8,23.28,1.76,567,2,1,144,71,70,37,59,1276,661,611,5529,1302,225,25,118,481,17,61,847,6,50,4.31,4.51,1.4,96,91.2,12.31,-1.44,6,144,71,71,2,0.5
5,LG,2019,1825,5532,4924,641,1315,233,15,94,1860,604,107,47,434,77,17,961,117,49,48,0.267,0.333,0.378,0.711,0.327,98.8,21.84,2.58,599,1,0,144,78,64,42,61,1281.1,633,554,5548,1257,223,23,89,498,15,91,952,1,64,3.89,4.16,1.37,105.5,97.9,14.83,5.28,4,144,79,64,1,0.552
6,SK,2019,1731,5542,4919,655,1290,218,14,117,1887,622,118,50,462,87,20,966,92,35,38,0.262,0.334,0.384,0.718,0.331,97.2,19.1,0.54,628,0,0,144,88,55,51,92,1292.1,546,503,5463,1240,176,14,99,436,12,50,1092,4,50,3.5,3.81,1.3,121.5,112.2,30.14,16.03,3,144,88,55,1,0.615
7,KIA,2019,1807,5505,4874,605,1286,248,19,76,1800,566,87,42,496,59,13,919,108,31,45,0.264,0.336,0.369,0.706,0.328,95.8,17.66,-3.84,603,3,2,144,62,79,30,64,1264,723,655,5614,1362,257,24,101,504,17,76,976,2,51,4.66,4.23,1.48,89.9,98.9,13.92,-5.39,7,144,62,80,2,0.437
8,삼성,2019,1652,5533,4866,622,1245,230,26,122,1893,598,107,42,478,78,15,976,107,58,53,0.256,0.329,0.389,0.718,0.328,94.6,17.27,-4.93,627,4,4,144,60,83,29,60,1275.1,731,658,5638,1332,254,36,125,523,9,70,924,5,49,4.64,4.6,1.46,93.5,92.7,11.4,-6.64,8,144,60,83,1,0.42
9,한화,2019,1738,5482,4882,607,1249,223,16,88,1768,562,105,51,441,70,12,1090,112,44,45,0.256,0.324,0.362,0.686,0.317,92.1,14.98,-7.1,649,2,0,144,58,86,28,43,1268.2,737,679,5655,1407,238,19,120,526,9,72,934,4,66,4.82,4.55,1.52,86,91.4,11.57,-6.91,9,144,58,86,0,0.403
10,롯데,2019,1821,5488,4919,578,1231,214,22,90,1759,545,62,31,430,64,12,1085,108,35,40,0.25,0.316,0.358,0.674,0.312,86,10.91,-10.09,664,1,1,144,48,93,16,47,1270.1,764,688,5726,1405,241,20,120,546,33,71,1032,4,103,4.87,4.39,1.54,86,95.6,11.8,-12.89,10,144,48,93,3,0.34
1,NC,2020,603,1846,1621,298,476,88,7,68,782,288,28,12,158,37,4,321,33,13,17,0.294,0.366,0.482,0.849,0.373,119.5,11.62,7.66,220,0,0,46,32,14,13,30,414,224,212,1788,394,65,4,48,169,3,22,341,3,24,4.61,4.83,1.36,105,99.9,6.78,1.36,1,46,32,14,0,0.696
2,두산,2020,614,1920,1680,293,497,93,7,49,751,276,17,11,178,24,7,288,49,9,29,0.296,0.366,0.447,0.813,0.362,118.4,11.15,6.52,213,0,0,47,27,19,12,14,420.2,267,241,1895,490,105,7,37,158,5,22,312,1,23,5.16,4.52,1.54,91,103,4.15,-2.15,3,47,28,19,0,0.596
3,키움,2020,598,1905,1641,271,434,82,12,55,705,252,32,7,209,25,5,365,32,11,19,0.264,0.353,0.43,0.782,0.349,109.1,10.06,5.15,213,0,0,48,30,18,12,21,424,212,191,1789,430,66,5,44,114,3,24,311,5,16,4.05,4.44,1.28,116.2,105.2,7.78,1,2,48,30,18,0,0.625
4,KT,2020,615,1867,1662,272,482,82,10,55,749,255,30,11,154,16,6,352,28,18,17,0.29,0.353,0.451,0.803,0.354,110.9,9.47,4.2,199,0,0,47,21,26,7,19,414,275,257,1860,472,72,2,52,163,6,24,262,0,23,5.59,5.29,1.53,85.2,88.7,1.2,-6.6,8,47,21,26,0,0.447
5,LG,2020,632,1826,1622,258,469,85,8,40,690,247,33,18,144,22,8,296,36,17,21,0.289,0.351,0.425,0.776,0.345,108.5,8.7,3.21,198,1,1,47,27,20,12,21,419.2,227,211,1831,425,77,6,41,156,4,27,332,0,13,4.53,4.57,1.38,102.8,100.9,5.62,0.28,4,47,27,20,0,0.574
6,KIA,2020,525,1718,1514,218,411,70,2,47,626,210,16,6,158,17,0,296,42,17,12,0.271,0.345,0.413,0.758,0.34,98,5.91,0.39,182,1,1,45,24,21,11,21,391.1,204,181,1668,387,78,11,29,126,2,18,349,3,18,4.16,3.88,1.31,117.3,124.9,8.65,1.14,5,45,24,21,0,0.533
7,롯데,2020,534,1758,1567,207,420,85,2,32,605,193,33,10,149,19,6,286,36,9,14,0.268,0.336,0.386,0.722,0.327,91.2,4.63,1.2,217,0,0,45,22,23,7,20,403,215,205,1722,404,73,3,48,143,4,16,308,1,24,4.58,4.78,1.36,104.9,99.4,7.41,-1.72,7,45,22,23,0,0.489
8,삼성,2020,613,1816,1605,243,417,86,2,43,636,231,44,17,152,24,2,324,39,14,21,0.26,0.329,0.396,0.725,0.325,88.2,4.38,0.06,220,0,0,48,24,24,10,23,421,234,205,1850,431,83,6,52,178,4,23,299,0,13,4.38,5.2,1.45,113.3,94.5,7.16,0.01,6,48,24,24,0,0.5
9,SK,2020,591,1772,1569,177,377,51,10,37,559,169,24,12,158,18,5,340,42,17,10,0.24,0.315,0.356,0.671,0.304,77.8,1.75,-3.42,213,0,0,47,14,32,5,17,417,245,218,1854,427,77,6,44,195,3,25,333,2,30,4.71,4.94,1.49,100.4,97.4,4.48,-6.28,9,47,14,33,0,0.298
10,한화,2020,589,1772,1593,170,383,64,3,28,537,163,24,12,136,26,1,348,45,12,5,0.24,0.31,0.337,0.647,0.298,74.5,0.7,-5.13,222,1,1,48,12,36,6,13,416.2,304,273,1943,506,90,13,59,194,10,27,369,2,20,5.9,5.2,1.68,80.4,92.5,1.79,-6.9,10,48,12,36,0,0.25
